Workbook

Sheet Summary
B2: Building | C2: Floor | D2: Area | E2: Allocated | F2: HW | G2: Available | H2: Total Desks with/ HW | J2: Building | K2: Floor | L2: Allocated | M2: HW | N2: Available | O2: Total Desks - w/o HW | P2: Total Desks - with/ HW
B3: T | C3: 3 | D3: A | E3: =COUNTIFS(Tower_3!$J:$J,Summary!$E$2,Tower_3!$B:$B,Summary!$C3,Tower_3!$C:$C,Summary!$D3) | F3: =COUNTIFS(Tower_3!$J:$J,Summary!$F$2,Tower_3!$B:$B,Summary!$C3,Tower_3!$C:$C,Summary!$D3) | G3: =COUNTIFS(Tower_3!$J:$J,Summary!$G$2,Tower_3!$B:$B,Summary!$C3,Tower_3!$C:$C,Summary!$D3) | H3: =SUM(E3:G3) | J3: T | K3: 3 | L3: =SUMIFS(E:E,$B:$B,$J3,$C:$C,$K3) | M3: =SUMIFS(F:F,$B:$B,$J3,$C:$C,$K3) | N3: =SUMIFS(G:G,$B:$B,$J3,$C:$C,$K3) | O3: =L3+N3 | P3: =SUM(L3:N3)
B4: T | C4: 3 | D4: B | E4: =COUNTIFS(Tower_3!$J:$J,Summary!$E$2,Tower_3!$B:$B,Summary!$C4,Tower_3!$C:$C,Summary!$D4) | F4: =COUNTIFS(Tower_3!$J:$J,Summary!$F$2,Tower_3!$B:$B,Summary!$C4,Tower_3!$C:$C,Summary!$D4) | G4: =COUNTIFS(Tower_3!$J:$J,Summary!$G$2,Tower_3!$B:$B,Summary!$C4,Tower_3!$C:$C,Summary!$D4) | H4: =SUM(E4:G4) | J4: T | K4: 4 | L4: =SUMIFS(E:E,$B:$B,$J4,$C:$C,$K4) | M4: =SUMIFS(F:F,$B:$B,$J4,$C:$C,$K4) | N4: =SUMIFS(G:G,$B:$B,$J4,$C:$C,$K4) | O4: =L4+N4 | P4: =SUM(L4:N4)
B5: T | C5: 3 | D5: C | E5: =COUNTIFS(Tower_3!$J:$J,Summary!$E$2,Tower_3!$B:$B,Summary!$C5,Tower_3!$C:$C,Summary!$D5) | F5: =COUNTIFS(Tower_3!$J:$J,Summary!$F$2,Tower_3!$B:$B,Summary!$C5,Tower_3!$C:$C,Summary!$D5) | G5: =COUNTIFS(Tower_3!$J:$J,Summary!$G$2,Tower_3!$B:$B,Summary!$C5,Tower_3!$C:$C,Summary!$D5) | H5: =SUM(E5:G5) | J5: T | K5: 5 | L5: =SUMIFS(E:E,$B:$B,$J5,$C:$C,$K5) | M5: =SUMIFS(F:F,$B:$B,$J5,$C:$C,$K5) | N5: =SUMIFS(G:G,$B:$B,$J5,$C:$C,$K5) | O5: =L5+N5 | P5: =SUM(L5:N5)
B6: T | C6: 3 | D6: D | E6: =COUNTIFS(Tower_3!$J:$J,Summary!$E$2,Tower_3!$B:$B,Summary!$C6,Tower_3!$C:$C,Summary!$D6) | F6: =COUNTIFS(Tower_3!$J:$J,Summary!$F$2,Tower_3!$B:$B,Summary!$C6,Tower_3!$C:$C,Summary!$D6) | G6: =COUNTIFS(Tower_3!$J:$J,Summary!$G$2,Tower_3!$B:$B,Summary!$C6,Tower_3!$C:$C,Summary!$D6) | H6: =SUM(E6:G6) | J6: T | K6: 6 | L6: =SUMIFS(E:E,$B:$B,$J6,$C:$C,$K6) | M6: =SUMIFS(F:F,$B:$B,$J6,$C:$C,$K6) | N6: =SUMIFS(G:G,$B:$B,$J6,$C:$C,$K6) | O6: =L6+N6 | P6: =SUM(L6:N6)
B7: T | C7: 4 | D7: A | E7: =COUNTIFS(Tower_4!$J:$J,Summary!$E$2,Tower_4!$B:$B,Summary!$C7,Tower_4!$C:$C,Summary!$D7) | F7: =COUNTIFS(Tower_4!$J:$J,Summary!$F$2,Tower_4!$B:$B,Summary!$C7,Tower_4!$C:$C,Summary!$D7) | G7: =COUNTIFS(Tower_4!$J:$J,Summary!$G$2,Tower_4!$B:$B,Summary!$C7,Tower_4!$C:$C,Summary!$D7) | H7: =SUM(E7:G7) | J7: R | K7: 3 | L7: =SUMIFS(E:E,$B:$B,$J7,$C:$C,$K7) | M7: =SUMIFS(F:F,$B:$B,$J7,$C:$C,$K7) | N7: =SUMIFS(G:G,$B:$B,$J7,$C:$C,$K7) | O7: =L7+N7 | P7: =SUM(L7:N7)
B8: T | C8: 4 | D8: B | E8: =COUNTIFS(Tower_4!$J:$J,Summary!$E$2,Tower_4!$B:$B,Summary!$C8,Tower_4!$C:$C,Summary!$D8) | F8: =COUNTIFS(Tower_4!$J:$J,Summary!$F$2,Tower_4!$B:$B,Summary!$C8,Tower_4!$C:$C,Summary!$D8) | G8: =COUNTIFS(Tower_3!$J:$J,Summary!$G$2,Tower_3!$B:$B,Summary!$C8,Tower_3!$C:$C,Summary!$D8) | H8: =SUM(E8:G8) | J8: R | K8: 4 | L8: =SUMIFS(E:E,$B:$B,$J8,$C:$C,$K8) | M8: =SUMIFS(F:F,$B:$B,$J8,$C:$C,$K8) | N8: =SUMIFS(G:G,$B:$B,$J8,$C:$C,$K8) | O8: =L8+N8 | P8: =SUM(L8:N8)
B9: T | C9: 4 | D9: C | E9: =COUNTIFS(Tower_4!$J:$J,Summary!$E$2,Tower_4!$B:$B,Summary!$C9,Tower_4!$C:$C,Summary!$D9) | F9: =COUNTIFS(Tower_4!$J:$J,Summary!$F$2,Tower_4!$B:$B,Summary!$C9,Tower_4!$C:$C,Summary!$D9) | G9: =COUNTIFS(Tower_3!$J:$J,Summary!$G$2,Tower_3!$B:$B,Summary!$C9,Tower_3!$C:$C,Summary!$D9) | H9: =SUM(E9:G9) | J9: R | K9: 5 | L9: =SUMIFS(E:E,$B:$B,$J9,$C:$C,$K9) | M9: =SUMIFS(F:F,$B:$B,$J9,$C:$C,$K9) | N9: =SUMIFS(G:G,$B:$B,$J9,$C:$C,$K9) | O9: =L9+N9 | P9: =SUM(L9:N9)
B10: T | C10: 4 | D10: D | E10: =COUNTIFS(Tower_4!$J:$J,Summary!$E$2,Tower_4!$B:$B,Summary!$C10,Tower_4!$C:$C,Summary!$D10) | F10: =COUNTIFS(Tower_4!$J:$J,Summary!$F$2,Tower_4!$B:$B,Summary!$C10,Tower_4!$C:$C,Summary!$D10) | G10: =COUNTIFS(Tower_3!$J:$J,Summary!$G$2,Tower_3!$B:$B,Summary!$C10,Tower_3!$C:$C,Summary!$D10) | H10: =SUM(E10:G10) | K10: TOTAL | L10: =SUM(L3:L9) | M10: =SUM(M3:M9) | N10: =SUM(N3:N9) | O10: =SUM(O3:O9) | P10: =SUM(L10:N10)
B11: T | C11: 5 | D11: A | E11: =COUNTIFS(Tower_5!$J:$J,Summary!$E$2,Tower_5!$B:$B,Summary!$C11,Tower_5!$C:$C,Summary!$D11) | F11: =COUNTIFS(Tower_5!$J:$J,Summary!$F$2,Tower_5!$B:$B,Summary!$C11,Tower_5!$C:$C,Summary!$D11) | G11: =COUNTIFS(Tower_5!$J:$J,Summary!$G$2,Tower_5!$B:$B,Summary!$C11,Tower_5!$C:$C,Summary!$D11) | H11: =SUM(E11:G11)
B12: T | C12: 5 | D12: B | E12: =COUNTIFS(Tower_5!$J:$J,Summary!$E$2,Tower_5!$B:$B,Summary!$C12,Tower_5!$C:$C,Summary!$D12) | F12: =COUNTIFS(Tower_5!$J:$J,Summary!$F$2,Tower_5!$B:$B,Summary!$C12,Tower_5!$C:$C,Summary!$D12) | G12: =COUNTIFS(Tower_5!$J:$J,Summary!$G$2,Tower_5!$B:$B,Summary!$C12,Tower_5!$C:$C,Summary!$D12) | H12: =SUM(E12:G12) | K12: Total Tower | L12: =SUM(L3:L6) | M12: =SUM(M3:M6) | N12: =SUM(N3:N6) | O12: =SUM(O3:O6) | P12: =SUM(P3:P6)
B13: T | C13: 5 | D13: C | E13: =COUNTIFS(Tower_5!$J:$J,Summary!$E$2,Tower_5!$B:$B,Summary!$C13,Tower_5!$C:$C,Summary!$D13) | F13: =COUNTIFS(Tower_5!$J:$J,Summary!$F$2,Tower_5!$B:$B,Summary!$C13,Tower_5!$C:$C,Summary!$D13) | G13: =COUNTIFS(Tower_5!$J:$J,Summary!$G$2,Tower_5!$B:$B,Summary!$C13,Tower_5!$C:$C,Summary!$D13) | H13: =SUM(E13:G13) | K13: Total Riviera | L13: =SUM(L7:L9) | M13: =SUM(M7:M9) | N13: =SUM(N7:N9) | O13: =SUM(O7:O9) | P13: =SUM(P7:P9)
B14: T | C14: 5 | D14: D | E14: =COUNTIFS(Tower_5!$J:$J,Summary!$E$2,Tower_5!$B:$B,Summary!$C14,Tower_5!$C:$C,Summary!$D14) | F14: =COUNTIFS(Tower_5!$J:$J,Summary!$F$2,Tower_5!$B:$B,Summary!$C14,Tower_5!$C:$C,Summary!$D14) | G14: =COUNTIFS(Tower_5!$J:$J,Summary!$G$2,Tower_5!$B:$B,Summary!$C14,Tower_5!$C:$C,Summary!$D14) | H14: =SUM(E14:G14)
B15: T | C15: 6 | D15: A | E15: =COUNTIFS(Tower_6!$J:$J,Summary!$E$2,Tower_6!$B:$B,Summary!$C15,Tower_6!$C:$C,Summary!$D15) | F15: =COUNTIFS(Tower_6!$J:$J,Summary!$F$2,Tower_6!$B:$B,Summary!$C15,Tower_6!$C:$C,Summary!$D15) | G15: =COUNTIFS(Tower_6!$J:$J,Summary!$G$2,Tower_6!$B:$B,Summary!$C15,Tower_6!$C:$C,Summary!$D15) | H15: =SUM(E15:G15)
B16: T | C16: 6 | D16: B | E16: =COUNTIFS(Tower_6!$J:$J,Summary!$E$2,Tower_6!$B:$B,Summary!$C16,Tower_6!$C:$C,Summary!$D16) | F16: =COUNTIFS(Tower_6!$J:$J,Summary!$F$2,Tower_6!$B:$B,Summary!$C16,Tower_6!$C:$C,Summary!$D16) | G16: =COUNTIFS(Tower_6!$J:$J,Summary!$G$2,Tower_6!$B:$B,Summary!$C16,Tower_6!$C:$C,Summary!$D16) | H16: =SUM(E16:G16)
B17: T | C17: 6 | D17: C | E17: =COUNTIFS(Tower_6!$J:$J,Summary!$E$2,Tower_6!$B:$B,Summary!$C17,Tower_6!$C:$C,Summary!$D17) | F17: =COUNTIFS(Tower_6!$J:$J,Summary!$F$2,Tower_6!$B:$B,Summary!$C17,Tower_6!$C:$C,Summary!$D17) | G17: =COUNTIFS(Tower_6!$J:$J,Summary!$G$2,Tower_6!$B:$B,Summary!$C17,Tower_6!$C:$C,Summary!$D17) | H17: =SUM(E17:G17)
B18: T | C18: 6 | D18: D | E18: =COUNTIFS(Tower_6!$J:$J,Summary!$E$2,Tower_6!$B:$B,Summary!$C18,Tower_6!$C:$C,Summary!$D18) | F18: =COUNTIFS(Tower_6!$J:$J,Summary!$F$2,Tower_6!$B:$B,Summary!$C18,Tower_6!$C:$C,Summary!$D18) | G18: =COUNTIFS(Tower_6!$J:$J,Summary!$G$2,Tower_6!$B:$B,Summary!$C18,Tower_6!$C:$C,Summary!$D18) | H18: =SUM(E18:G18)
B19: R | C19: 3 | D19: E | E19: =COUNTIFS(Riviera_3!$J:$J,Summary!$E$2,Riviera_3!$B:$B,Summary!$C19,Riviera_3!$C:$C,Summary!$D19) | F19: =COUNTIFS(Riviera_3!$J:$J,Summary!$F$2,Riviera_3!$B:$B,Summary!$C19,Riviera_3!$C:$C,Summary!$D19) | G19: =COUNTIFS(Riviera_3!$J:$J,Summary!$G$2,Riviera_3!$B:$B,Summary!$C19,Riviera_3!$C:$C,Summary!$D19) | H19: =SUM(E19:G19)
B20: R | C20: 3 | D20: F | E20: =COUNTIFS(Riviera_3!$J:$J,Summary!$E$2,Riviera_3!$B:$B,Summary!$C20,Riviera_3!$C:$C,Summary!$D20) | F20: =COUNTIFS(Riviera_3!$J:$J,Summary!$F$2,Riviera_3!$B:$B,Summary!$C20,Riviera_3!$C:$C,Summary!$D20) | G20: =COUNTIFS(Riviera_3!$J:$J,Summary!$G$2,Riviera_3!$B:$B,Summary!$C20,Riviera_3!$C:$C,Summary!$D20) | H20: =SUM(E20:G20)
B21: R | C21: 3 | D21: G | E21: =COUNTIFS(Riviera_3!$J:$J,Summary!$E$2,Riviera_3!$B:$B,Summary!$C21,Riviera_3!$C:$C,Summary!$D21) | F21: =COUNTIFS(Riviera_3!$J:$J,Summary!$F$2,Riviera_3!$B:$B,Summary!$C21,Riviera_3!$C:$C,Summary!$D21) | G21: =COUNTIFS(Riviera_3!$J:$J,Summary!$G$2,Riviera_3!$B:$B,Summary!$C21,Riviera_3!$C:$C,Summary!$D21) | H21: =SUM(E21:G21)
B22: R | C22: 3 | D22: H | E22: =COUNTIFS(Riviera_3!$J:$J,Summary!$E$2,Riviera_3!$B:$B,Summary!$C22,Riviera_3!$C:$C,Summary!$D22) | F22: =COUNTIFS(Riviera_3!$J:$J,Summary!$F$2,Riviera_3!$B:$B,Summary!$C22,Riviera_3!$C:$C,Summary!$D22) | G22: =COUNTIFS(Riviera_3!$J:$J,Summary!$G$2,Riviera_3!$B:$B,Summary!$C22,Riviera_3!$C:$C,Summary!$D22) | H22: =SUM(E22:G22)
B23: R | C23: 4 | D23: E | E23: =COUNTIFS(Riviera_4!$J:$J,Summary!$E$2,Riviera_4!$B:$B,Summary!$C23,Riviera_4!$C:$C,Summary!$D23) | F23: =COUNTIFS(Riviera_4!$J:$J,Summary!$F$2,Riviera_4!$B:$B,Summary!$C23,Riviera_4!$C:$C,Summary!$D23) | G23: =COUNTIFS(Riviera_4!$J:$J,Summary!$G$2,Riviera_4!$B:$B,Summary!$C23,Riviera_4!$C:$C,Summary!$D23) | H23: =SUM(E23:G23)
B24: R | C24: 4 | D24: F | E24: =COUNTIFS(Riviera_4!$J:$J,Summary!$E$2,Riviera_4!$B:$B,Summary!$C24,Riviera_4!$C:$C,Summary!$D24) | F24: =COUNTIFS(Riviera_4!$J:$J,Summary!$F$2,Riviera_4!$B:$B,Summary!$C24,Riviera_4!$C:$C,Summary!$D24) | G24: =COUNTIFS(Riviera_4!$J:$J,Summary!$G$2,Riviera_4!$B:$B,Summary!$C24,Riviera_4!$C:$C,Summary!$D24) | H24: =SUM(E24:G24)
B25: R | C25: 4 | D25: G | E25: =COUNTIFS(Riviera_4!$J:$J,Summary!$E$2,Riviera_4!$B:$B,Summary!$C25,Riviera_4!$C:$C,Summary!$D25) | F25: =COUNTIFS(Riviera_4!$J:$J,Summary!$F$2,Riviera_4!$B:$B,Summary!$C25,Riviera_4!$C:$C,Summary!$D25) | G25: =COUNTIFS(Riviera_4!$J:$J,Summary!$G$2,Riviera_4!$B:$B,Summary!$C25,Riviera_4!$C:$C,Summary!$D25) | H25: =SUM(E25:G25)
B26: R | C26: 4 | D26: H | E26: =COUNTIFS(Riviera_4!$J:$J,Summary!$E$2,Riviera_4!$B:$B,Summary!$C26,Riviera_4!$C:$C,Summary!$D26) | F26: =COUNTIFS(Riviera_4!$J:$J,Summary!$F$2,Riviera_4!$B:$B,Summary!$C26,Riviera_4!$C:$C,Summary!$D26) | G26: =COUNTIFS(Riviera_4!$J:$J,Summary!$G$2,Riviera_4!$B:$B,Summary!$C26,Riviera_4!$C:$C,Summary!$D26) | H26: =SUM(E26:G26)
B27: R | C27: 5 | D27: E | E27: =COUNTIFS(Riviera_5!$J:$J,Summary!$E$2,Riviera_5!$B:$B,Summary!$C27,Riviera_5!$C:$C,Summary!$D27) | F27: =COUNTIFS(Riviera_5!$J:$J,Summary!$F$2,Riviera_5!$B:$B,Summary!$C27,Riviera_5!$C:$C,Summary!$D27) | G27: =COUNTIFS(Riviera_5!$J:$J,Summary!$G$2,Riviera_5!$B:$B,Summary!$C27,Riviera_5!$C:$C,Summary!$D27) | H27: =SUM(E27:G27)
B28: R | C28: 5 | D28: F | E28: =COUNTIFS(Riviera_5!$J:$J,Summary!$E$2,Riviera_5!$B:$B,Summary!$C28,Riviera_5!$C:$C,Summary!$D28) | F28: =COUNTIFS(Riviera_5!$J:$J,Summary!$F$2,Riviera_5!$B:$B,Summary!$C28,Riviera_5!$C:$C,Summary!$D28) | G28: =COUNTIFS(Riviera_5!$J:$J,Summary!$G$2,Riviera_5!$B:$B,Summary!$C28,Riviera_5!$C:$C,Summary!$D28) | H28: =SUM(E28:G28)
B29: R | C29: 5 | D29: G | E29: =COUNTIFS(Riviera_5!$J:$J,Summary!$E$2,Riviera_5!$B:$B,Summary!$C29,Riviera_5!$C:$C,Summary!$D29) | F29: =COUNTIFS(Riviera_5!$J:$J,Summary!$F$2,Riviera_5!$B:$B,Summary!$C29,Riviera_5!$C:$C,Summary!$D29) | G29: =COUNTIFS(Riviera_5!$J:$J,Summary!$G$2,Riviera_5!$B:$B,Summary!$C29,Riviera_5!$C:$C,Summary!$D29) | H29: =SUM(E29:G29)
B30: R | C30: 5 | D30: H | E30: =COUNTIFS(Riviera_5!$J:$J,Summary!$E$2,Riviera_5!$B:$B,Summary!$C30,Riviera_5!$C:$C,Summary!$D30) | F30: =COUNTIFS(Riviera_5!$J:$J,Summary!$F$2,Riviera_5!$B:$B,Summary!$C30,Riviera_5!$C:$C,Summary!$D30) | G30: =COUNTIFS(Riviera_5!$J:$J,Summary!$G$2,Riviera_5!$B:$B,Summary!$C30,Riviera_5!$C:$C,Summary!$D30) | H30: =SUM(E30:G30)
B32: TOTAL | E32: =SUBTOTAL(9,E3:E30) | F32: =SUBTOTAL(9,F3:F30) | G32: =SUBTOTAL(9,G3:G30) | H32: =SUBTOTAL(9,H3:H30)

Sheet Tower_3
A1: Building | B1: Floor | C1: Area | D1: Desk Number | E1: Row | F1: Desk number | G1: Associate Staff ID - INPUT | H1: Associate Name | I1: 1st line Supervisor | J1: Desk Status | M1: Floor Plan
A2: T | B2: 3 | C2: A | D2: 00 | E2: 1 | F2: =A2&B2&"-"&C2&E2&"-"&D2 | G2: 1194 | H2: =_xlfn.XLOOKUP(G2,'All Associates'!A:A,'All Associates'!B:B) | I2: =_xlfn.XLOOKUP(G2,'All Associates'!A:A,'All Associates'!D:D) | J2: =IF(G2<>"","Allocated","Available")
A3: T | B3: 3 | C3: A | D3: 01 | E3: 1 | F3: =A3&B3&"-"&C3&E3&"-"&D3 | G3: 935 | H3: =_xlfn.XLOOKUP(G3,'All Associates'!A:A,'All Associates'!B:B) | I3: =_xlfn.XLOOKUP(G3,'All Associates'!A:A,'All Associates'!D:D) | J3: =IF(G3<>"","Allocated","Available")
A4: T | B4: 3 | C4: A | D4: 02 | E4: 1 | F4: =A4&B4&"-"&C4&E4&"-"&D4 | G4: 687 | H4: =_xlfn.XLOOKUP(G4,'All Associates'!A:A,'All Associates'!B:B) | I4: =_xlfn.XLOOKUP(G4,'All Associates'!A:A,'All Associates'!D:D) | J4: =IF(G4<>"","Allocated","Available")
A5: T | B5: 3 | C5: A | D5: 03 | E5: 1 | F5: =A5&B5&"-"&C5&E5&"-"&D5 | G5: 685 | H5: =_xlfn.XLOOKUP(G5,'All Associates'!A:A,'All Associates'!B:B) | I5: =_xlfn.XLOOKUP(G5,'All Associates'!A:A,'All Associates'!D:D) | J5: =IF(G5<>"","Allocated","Available")
A6: T | B6: 3 | C6: A | D6: 04 | E6: 1 | F6: =A6&B6&"-"&C6&E6&"-"&D6 | G6: 1227 | H6: =_xlfn.XLOOKUP(G6,'All Associates'!A:A,'All Associates'!B:B) | I6: =_xlfn.XLOOKUP(G6,'All Associates'!A:A,'All Associates'!D:D) | J6: =IF(G6<>"","Allocated","Available")
A7: T | B7: 3 | C7: A | D7: 05 | E7: 1 | F7: =A7&B7&"-"&C7&E7&"-"&D7 | G7: 1216 | H7: =_xlfn.XLOOKUP(G7,'All Associates'!A:A,'All Associates'!B:B) | I7: =_xlfn.XLOOKUP(G7,'All Associates'!A:A,'All Associates'!D:D) | J7: =IF(G7<>"","Allocated","Available")
A8: T | B8: 3 | C8: A | D8: 06 | E8: 1 | F8: =A8&B8&"-"&C8&E8&"-"&D8 | H8: =_xlfn.XLOOKUP(G8,'All Associates'!A:A,'All Associates'!B:B) | I8: =_xlfn.XLOOKUP(G8,'All Associates'!A:A,'All Associates'!D:D) | J8: =IF(G8<>"","Allocated","Available")
A9: T | B9: 3 | C9: A | D9: 07 | E9: 1 | F9: =A9&B9&"-"&C9&E9&"-"&D9
A10: T | B10: 3 | C10: A | D10: 08 | E10: 1 | F10: =A10&B10&"-"&C10&E10&"-"&D10
A11: T | B11: 3 | C11: A | D11: 01 | E11: 2 | F11: =A11&B11&"-"&C11&E11&"-"&D11 | G11: 932 | H11: =_xlfn.XLOOKUP(G11,'All Associates'!A:A,'All Associates'!B:B) | I11: =_xlfn.XLOOKUP(G11,'All Associates'!A:A,'All Associates'!D:D) | J11: =IF(G11<>"","Allocated","Available")
A12: T | B12: 3 | C12: A | D12: 02 | E12: 2 | F12: =A12&B12&"-"&C12&E12&"-"&D12 | G12: 994 | H12: =_xlfn.XLOOKUP(G12,'All Associates'!A:A,'All Associates'!B:B) | I12: =_xlfn.XLOOKUP(G12,'All Associates'!A:A,'All Associates'!D:D) | J12: =IF(G12<>"","Allocated","Available")
A13: T | B13: 3 | C13: A | D13: 03 | E13: 2 | F13: =A13&B13&"-"&C13&E13&"-"&D13 | G13: 487 | H13: =_xlfn.XLOOKUP(G13,'All Associates'!A:A,'All Associates'!B:B) | I13: =_xlfn.XLOOKUP(G13,'All Associates'!A:A,'All Associates'!D:D) | J13: =IF(G13<>"","Allocated","Available")
A14: T | B14: 3 | C14: A | D14: 04 | E14: 2 | F14: =A14&B14&"-"&C14&E14&"-"&D14 | G14: 128 | H14: =_xlfn.XLOOKUP(G14,'All Associates'!A:A,'All Associates'!B:B) | I14: =_xlfn.XLOOKUP(G14,'All Associates'!A:A,'All Associates'!D:D) | J14: =IF(G14<>"","Allocated","Available")
A15: T | B15: 3 | C15: A | D15: 05 | E15: 2 | F15: =A15&B15&"-"&C15&E15&"-"&D15 | H15: =_xlfn.XLOOKUP(G15,'All Associates'!A:A,'All Associates'!B:B) | I15: =_xlfn.XLOOKUP(G15,'All Associates'!A:A,'All Associates'!D:D) | J15: =IF(G15<>"","Allocated","Available")
A16: T | B16: 3 | C16: A | D16: 06 | E16: 2 | F16: =A16&B16&"-"&C16&E16&"-"&D16 | H16: =_xlfn.XLOOKUP(G16,'All Associates'!A:A,'All Associates'!B:B) | I16: =_xlfn.XLOOKUP(G16,'All Associates'!A:A,'All Associates'!D:D)
A17: T | B17: 3 | C17: A | D17: 07 | E17: 2 | F17: =A17&B17&"-"&C17&E17&"-"&D17
A18: T | B18: 3 | C18: A | D18: 08 | E18: 2 | F18: =A18&B18&"-"&C18&E18&"-"&D18
A19: T | B19: 3 | C19: A | D19: 01 | E19: 3 | F19: =A19&B19&"-"&C19&E19&"-"&D19 | J19: NA
A20: T | B20: 3 | C20: A | D20: 01 | E20: M1 | F20: =A20&B20&"-"&C20&E20&"-"&D20 | G20: 1 | H20: =_xlfn.XLOOKUP(G20,'All Associates'!A:A,'All Associates'!B:B) | I20: =_xlfn.XLOOKUP(G20,'All Associates'!A:A,'All Associates'!D:D) | J20: =IF(G20<>"","Allocated","Available")
A21: T | B21: 3 | C21: B | D21: 01 | E21: 1 | F21: =A21&B21&"-"&C21&E21&"-"&D21 | G21: 929 | H21: =_xlfn.XLOOKUP(G21,'All Associates'!A:A,'All Associates'!B:B) | I21: =_xlfn.XLOOKUP(G21,'All Associates'!A:A,'All Associates'!D:D) | J21: HW
A22: T | B22: 3 | C22: B | D22: 02 | E22: 1 | F22: =A22&B22&"-"&C22&E22&"-"&D22 | G22: 577 | H22: =_xlfn.XLOOKUP(G22,'All Associates'!A:A,'All Associates'!B:B) | I22: =_xlfn.XLOOKUP(G22,'All Associates'!A:A,'All Associates'!D:D) | J22: HW
A23: T | B23: 3 | C23: B | D23: 03 | E23: 1 | F23: =A23&B23&"-"&C23&E23&"-"&D23 | G23: 964 | H23: =_xlfn.XLOOKUP(G23,'All Associates'!A:A,'All Associates'!B:B) | I23: =_xlfn.XLOOKUP(G23,'All Associates'!A:A,'All Associates'!D:D) | J23: HW
A24: T | B24: 3 | C24: B | D24: 04 | E24: 1 | F24: =A24&B24&"-"&C24&E24&"-"&D24 | H24: =_xlfn.XLOOKUP(G24,'All Associates'!A:A,'All Associates'!B:B) | I24: =_xlfn.XLOOKUP(G24,'All Associates'!A:A,'All Associates'!D:D) | J24: HW
A25: T | B25: 3 | C25: B | D25: 01 | E25: M1 | F25: =A25&B25&"-"&C25&E25&"-"&D25 | G25: 1112 | H25: =_xlfn.XLOOKUP(G25,'All Associates'!A:A,'All Associates'!B:B) | I25: =_xlfn.XLOOKUP(G25,'All Associates'!A:A,'All Associates'!D:D) | J25: =IF(G25<>"","Allocated","Available")
A26: T | B26: 3 | C26: C | D26: 01 | E26: 1 | F26: =A26&B26&"-"&C26&E26&"-"&D26 | G26: 446 | H26: =_xlfn.XLOOKUP(G26,'All Associates'!A:A,'All Associates'!B:B) | I26: =_xlfn.XLOOKUP(G26,'All Associates'!A:A,'All Associates'!D:D) | J26: =IF(G26<>"","Allocated","Available")
A27: T | B27: 3 | C27: C | D27: 02 | E27: 1 | F27: =A27&B27&"-"&C27&E27&"-"&D27 | G27: 860 | H27: =_xlfn.XLOOKUP(G27,'All Associates'!A:A,'All Associates'!B:B) | I27: =_xlfn.XLOOKUP(G27,'All Associates'!A:A,'All Associates'!D:D) | J27: =IF(G27<>"","Allocated","Available")
A28: T | B28: 3 | C28: C | D28: 03 | E28: 1 | F28: =A28&B28&"-"&C28&E28&"-"&D28 | G28: 1228 | H28: =_xlfn.XLOOKUP(G28,'All Associates'!A:A,'All Associates'!B:B) | I28: =_xlfn.XLOOKUP(G28,'All Associates'!A:A,'All Associates'!D:D) | J28: =IF(G28<>"","Allocated","Available")
A29: T | B29: 3 | C29: C | D29: 04 | E29: 1 | F29: =A29&B29&"-"&C29&E29&"-"&D29 | G29: 1140 | H29: =_xlfn.XLOOKUP(G29,'All Associates'!A:A,'All Associates'!B:B) | I29: =_xlfn.XLOOKUP(G29,'All Associates'!A:A,'All Associates'!D:D) | J29: =IF(G29<>"","Allocated","Available")
A30: T | B30: 3 | C30: C | D30: 05 | E30: 1 | F30: =A30&B30&"-"&C30&E30&"-"&D30 | G30: 418 | H30: =_xlfn.XLOOKUP(G30,'All Associates'!A:A,'All Associates'!B:B) | I30: =_xlfn.XLOOKUP(G30,'All Associates'!A:A,'All Associates'!D:D) | J30: =IF(G30<>"","Allocated","Available")
A31: T | B31: 3 | C31: C | D31: 06 | E31: 1 | F31: =A31&B31&"-"&C31&E31&"-"&D31 | G31: 2012 | H31: =_xlfn.XLOOKUP(G31,'All Associates'!A:A,'All Associates'!B:B) | I31: =_xlfn.XLOOKUP(G31,'All Associates'!A:A,'All Associates'!D:D) | J31: =IF(G31<>"","Allocated","Available")
A32: T | B32: 3 | C32: C | D32: 07 | E32: 1 | F32: =A32&B32&"-"&C32&E32&"-"&D32 | G32: 506 | H32: =_xlfn.XLOOKUP(G32,'All Associates'!A:A,'All Associates'!B:B) | I32: =_xlfn.XLOOKUP(G32,'All Associates'!A:A,'All Associates'!D:D) | J32: =IF(G32<>"","Allocated","Available")
A33: T | B33: 3 | C33: C | D33: 08 | E33: 1 | F33: =A33&B33&"-"&C33&E33&"-"&D33 | G33: 909 | H33: =_xlfn.XLOOKUP(G33,'All Associates'!A:A,'All Associates'!B:B) | I33: =_xlfn.XLOOKUP(G33,'All Associates'!A:A,'All Associates'!D:D) | J33: =IF(G33<>"","Allocated","Available")
A34: T | B34: 3 | C34: C | D34: 01 | E34: 2 | F34: =A34&B34&"-"&C34&E34&"-"&D34 | G34: 1034 | H34: =_xlfn.XLOOKUP(G34,'All Associates'!A:A,'All Associates'!B:B) | I34: =_xlfn.XLOOKUP(G34,'All Associates'!A:A,'All Associates'!D:D) | J34: =IF(G34<>"","Allocated","Available")
A35: T | B35: 3 | C35: C | D35: 02 | E35: 2 | F35: =A35&B35&"-"&C35&E35&"-"&D35 | G35: 1215 | H35: =_xlfn.XLOOKUP(G35,'All Associates'!A:A,'All Associates'!B:B) | I35: =_xlfn.XLOOKUP(G35,'All Associates'!A:A,'All Associates'!D:D) | J35: =IF(G35<>"","Allocated","Available")
A36: T | B36: 3 | C36: C | D36: 03 | E36: 2 | F36: =A36&B36&"-"&C36&E36&"-"&D36 | G36: 750 | H36: =_xlfn.XLOOKUP(G36,'All Associates'!A:A,'All Associates'!B:B) | I36: =_xlfn.XLOOKUP(G36,'All Associates'!A:A,'All Associates'!D:D) | J36: =IF(G36<>"","Allocated","Available")
A37: T | B37: 3 | C37: C | D37: 04 | E37: 2 | F37: =A37&B37&"-"&C37&E37&"-"&D37 | G37: 1100 | H37: =_xlfn.XLOOKUP(G37,'All Associates'!A:A,'All Associates'!B:B) | I37: =_xlfn.XLOOKUP(G37,'All Associates'!A:A,'All Associates'!D:D) | J37: =IF(G37<>"","Allocated","Available")
A38: T | B38: 3 | C38: C | D38: 05 | E38: 2 | F38: =A38&B38&"-"&C38&E38&"-"&D38 | H38: =_xlfn.XLOOKUP(G38,'All Associates'!A:A,'All Associates'!B:B) | I38: =_xlfn.XLOOKUP(G38,'All Associates'!A:A,'All Associates'!D:D) | J38: =IF(G38<>"","Allocated","Available")
A39: T | B39: 3 | C39: C | D39: 06 | E39: 2 | F39: =A39&B39&"-"&C39&E39&"-"&D39 | H39: =_xlfn.XLOOKUP(G39,'All Associates'!A:A,'All Associates'!B:B) | I39: =_xlfn.XLOOKUP(G39,'All Associates'!A:A,'All Associates'!D:D) | J39: =IF(G39<>"","Allocated","Available")
A40: T | B40: 3 | C40: C | D40: 07 | E40: 2 | F40: =A40&B40&"-"&C40&E40&"-"&D40 | H40: =_xlfn.XLOOKUP(G40,'All Associates'!A:A,'All Associates'!B:B) | I40: =_xlfn.XLOOKUP(G40,'All Associates'!A:A,'All Associates'!D:D) | J40: =IF(G40<>"","Allocated","Available")
A41: T | B41: 3 | C41: C | D41: 08 | E41: 2 | F41: =A41&B41&"-"&C41&E41&"-"&D41 | G41: 69 | H41: =_xlfn.XLOOKUP(G41,'All Associates'!A:A,'All Associates'!B:B) | I41: =_xlfn.XLOOKUP(G41,'All Associates'!A:A,'All Associates'!D:D) | J41: =IF(G41<>"","Allocated","Available")
A42: T | B42: 3 | C42: C | D42: 01 | E42: 3 | F42: =A42&B42&"-"&C42&E42&"-"&D42 | G42: 743 | H42: =_xlfn.XLOOKUP(G42,'All Associates'!A:A,'All Associates'!B:B) | I42: =_xlfn.XLOOKUP(G42,'All Associates'!A:A,'All Associates'!D:D) | J42: =IF(G42<>"","Allocated","Available")
A43: T | B43: 3 | C43: C | D43: 02 | E43: 3 | F43: =A43&B43&"-"&C43&E43&"-"&D43 | G43: 2061 | H43: =_xlfn.XLOOKUP(G43,'All Associates'!A:A,'All Associates'!B:B) | I43: =_xlfn.XLOOKUP(G43,'All Associates'!A:A,'All Associates'!D:D) | J43: =IF(G43<>"","Allocated","Available")
A44: T | B44: 3 | C44: C | D44: 03 | E44: 3 | F44: =A44&B44&"-"&C44&E44&"-"&D44 | G44: 721 | H44: =_xlfn.XLOOKUP(G44,'All Associates'!A:A,'All Associates'!B:B) | I44: =_xlfn.XLOOKUP(G44,'All Associates'!A:A,'All Associates'!D:D) | J44: =IF(G44<>"","Allocated","Available")
A45: T | B45: 3 | C45: C | D45: 04 | E45: 3 | F45: =A45&B45&"-"&C45&E45&"-"&D45 | G45: 1024 | H45: =_xlfn.XLOOKUP(G45,'All Associates'!A:A,'All Associates'!B:B) | I45: =_xlfn.XLOOKUP(G45,'All Associates'!A:A,'All Associates'!D:D) | J45: =IF(G45<>"","Allocated","Available")
A46: T | B46: 3 | C46: C | D46: 05 | E46: 3 | F46: =A46&B46&"-"&C46&E46&"-"&D46 | G46: 2013 | H46: =_xlfn.XLOOKUP(G46,'All Associates'!A:A,'All Associates'!B:B) | I46: =_xlfn.XLOOKUP(G46,'All Associates'!A:A,'All Associates'!D:D) | J46: =IF(G46<>"","Allocated","Available")
A47: T | B47: 3 | C47: C | D47: 06 | E47: 3 | F47: =A47&B47&"-"&C47&E47&"-"&D47 | G47: 1018 | H47: =_xlfn.XLOOKUP(G47,'All Associates'!A:A,'All Associates'!B:B) | I47: =_xlfn.XLOOKUP(G47,'All Associates'!A:A,'All Associates'!D:D) | J47: =IF(G47<>"","Allocated","Available")
A48: T | B48: 3 | C48: C | D48: 01 | E48: 4 | F48: =A48&B48&"-"&C48&E48&"-"&D48 | G48: 978 | H48: =_xlfn.XLOOKUP(G48,'All Associates'!A:A,'All Associates'!B:B) | I48: =_xlfn.XLOOKUP(G48,'All Associates'!A:A,'All Associates'!D:D) | J48: =IF(G48<>"","Allocated","Available")
A49: T | B49: 3 | C49: C | D49: 02 | E49: 4 | F49: =A49&B49&"-"&C49&E49&"-"&D49 | G49: 229 | H49: =_xlfn.XLOOKUP(G49,'All Associates'!A:A,'All Associates'!B:B) | I49: =_xlfn.XLOOKUP(G49,'All Associates'!A:A,'All Associates'!D:D) | J49: =IF(G49<>"","Allocated","Available")
A50: T | B50: 3 | C50: C | D50: 03 | E50: 4 | F50: =A50&B50&"-"&C50&E50&"-"&D50 | G50: 1139 | H50: =_xlfn.XLOOKUP(G50,'All Associates'!A:A,'All Associates'!B:B) | I50: =_xlfn.XLOOKUP(G50,'All Associates'!A:A,'All Associates'!D:D) | J50: =IF(G50<>"","Allocated","Available")
A51: T | B51: 3 | C51: C | D51: 04 | E51: 4 | F51: =A51&B51&"-"&C51&E51&"-"&D51 | G51: 1168 | H51: =_xlfn.XLOOKUP(G51,'All Associates'!A:A,'All Associates'!B:B) | I51: =_xlfn.XLOOKUP(G51,'All Associates'!A:A,'All Associates'!D:D) | J51: =IF(G51<>"","Allocated","Available")
A52: T | B52: 3 | C52: C | D52: 05 | E52: 4 | F52: =A52&B52&"-"&C52&E52&"-"&D52 | G52: 388 | H52: =_xlfn.XLOOKUP(G52,'All Associates'!A:A,'All Associates'!B:B) | I52: =_xlfn.XLOOKUP(G52,'All Associates'!A:A,'All Associates'!D:D) | J52: =IF(G52<>"","Allocated","Available")
... A54: T | B54: 3 | C54: C | D54: 01 | E54: 5 | F54: =A54&B54&"-"&C54&E54&"-"&D54 | G54: 447 | H54: =_xlfn.XLOOKUP(G54,'All Associates'!A:A,'All Associates'!B:B) | I54: =_xlfn.XLOOKUP(G54,'All Associates'!A:A,'All Associates'!D:D) | J54: =IF(G54<>"","Allocated","Available")
A55: T | B55: 3 | C55: C | D55: 02 | E55: 5 | F55: =A55&B55&"-"&C55&E55&"-"&D55 | H55: =_xlfn.XLOOKUP(G55,'All Associates'!A:A,'All Associates'!B:B) | I55: =_xlfn.XLOOKUP(G55,'All Associates'!A:A,'All Associates'!D:D) | J55: =IF(G55<>"","Allocated","Available")
A56: T | B56: 3 | C56: C | D56: 03 | E56: 5 | F56: =A56&B56&"-"&C56&E56&"-"&D56 | G56: 917 | H56: =_xlfn.XLOOKUP(G56,'All Associates'!A:A,'All Associates'!B:B) | I56: =_xlfn.XLOOKUP(G56,'All Associates'!A:A,'All Associates'!D:D) | J56: =IF(G56<>"","Allocated","Available")
A57: T | B57: 3 | C57: C | D57: 04 | E57: 5 | F57: =A57&B57&"-"&C57&E57&"-"&D57 | G57: 895 | H57: =_xlfn.XLOOKUP(G57,'All Associates'!A:A,'All Associates'!B:B) | I57: =_xlfn.XLOOKUP(G57,'All Associates'!A:A,'All Associates'!D:D) | J57: =IF(G57<>"","Allocated","Available")
A58: T | B58: 3 | C58: C | D58: 05 | E58: 5 | F58: =A58&B58&"-"&C58&E58&"-"&D58 | G58: 1023 | H58: =_xlfn.XLOOKUP(G58,'All Associates'!A:A,'All Associates'!B:B) | I58: =_xlfn.XLOOKUP(G58,'All Associates'!A:A,'All Associates'!D:D) | J58: =IF(G58<>"","Allocated","Available")
A59: T | B59: 3 | C59: C | D59: 06 | E59: 5 | F59: =A59&B59&"-"&C59&E59&"-"&D59 | G59: 1149 | H59: =_xlfn.XLOOKUP(G59,'All Associates'!A:A,'All Associates'!B:B) | I59: =_xlfn.XLOOKUP(G59,'All Associates'!A:A,'All Associates'!D:D) | J59: =IF(G59<>"","Allocated","Available")
A60: T | B60: 3 | C60: C | D60: 01 | E60: 6 | F60: =A60&B60&"-"&C60&E60&"-"&D60 | G60: 897 | H60: =_xlfn.XLOOKUP(G60,'All Associates'!A:A,'All Associates'!B:B) | I60: =_xlfn.XLOOKUP(G60,'All Associates'!A:A,'All Associates'!D:D) | J60: =IF(G60<>"","Allocated","Available")
A61: T | B61: 3 | C61: C | D61: 02 | E61: 6 | F61: =A61&B61&"-"&C61&E61&"-"&D61 | G61: 833 | H61: =_xlfn.XLOOKUP(G61,'All Associates'!A:A,'All Associates'!B:B) | I61: =_xlfn.XLOOKUP(G61,'All Associates'!A:A,'All Associates'!D:D) | J61: =IF(G61<>"","Allocated","Available")
A62: T | B62: 3 | C62: C | D62: 03 | E62: 6 | F62: =A62&B62&"-"&C62&E62&"-"&D62 | G62: 1219 | H62: =_xlfn.XLOOKUP(G62,'All Associates'!A:A,'All Associates'!B:B) | I62: =_xlfn.XLOOKUP(G62,'All Associates'!A:A,'All Associates'!D:D) | J62: =IF(G62<>"","Allocated","Available")
A63: T | B63: 3 | C63: C | D63: 04 | E63: 6 | F63: =A63&B63&"-"&C63&E63&"-"&D63 | G63: 893 | H63: =_xlfn.XLOOKUP(G63,'All Associates'!A:A,'All Associates'!B:B) | I63: =_xlfn.XLOOKUP(G63,'All Associates'!A:A,'All Associates'!D:D) | J63: =IF(G63<>"","Allocated","Available")
A64: T | B64: 3 | C64: C | D64: 05 | E64: 6 | F64: =A64&B64&"-"&C64&E64&"-"&D64 | H64: =_xlfn.XLOOKUP(G64,'All Associates'!A:A,'All Associates'!B:B) | I64: =_xlfn.XLOOKUP(G64,'All Associates'!A:A,'All Associates'!D:D) | J64: HW
A65: T | B65: 3 | C65: C | D65: 06 | E65: 6 | F65: =A65&B65&"-"&C65&E65&"-"&D65 | G65: 539 | H65: =_xlfn.XLOOKUP(G65,'All Associates'!A:A,'All Associates'!B:B) | I65: =_xlfn.XLOOKUP(G65,'All Associates'!A:A,'All Associates'!D:D) | J65: =IF(G65<>"","Allocated","Available")
A66: T | B66: 3 | C66: C | D66: 01 | E66: 7 | F66: =A66&B66&"-"&C66&E66&"-"&D66 | H66: =_xlfn.XLOOKUP(G66,'All Associates'!A:A,'All Associates'!B:B) | I66: =_xlfn.XLOOKUP(G66,'All Associates'!A:A,'All Associates'!D:D) | J66: HW
A67: T | B67: 3 | C67: D | D67: 01 | E67: M1 | F67: =A67&B67&"-"&C67&E67&"-"&D67 | G67: 983 | H67: =_xlfn.XLOOKUP(G67,'All Associates'!A:A,'All Associates'!B:B) | I67: =_xlfn.XLOOKUP(G67,'All Associates'!A:A,'All Associates'!D:D) | J67: =IF(G67<>"","Allocated","Available")
A68: T | B68: 3 | C68: D | D68: 02 | E68: M1 | F68: =A68&B68&"-"&C68&E68&"-"&D68 | G68: 1232 | H68: =_xlfn.XLOOKUP(G68,'All Associates'!A:A,'All Associates'!B:B) | I68: =_xlfn.XLOOKUP(G68,'All Associates'!A:A,'All Associates'!D:D) | J68: =IF(G68<>"","Allocated","Available")
A69: T | B69: 3 | C69: D | D69: 03 | E69: M1 | F69: =A69&B69&"-"&C69&E69&"-"&D69 | G69: 1245 | H69: =_xlfn.XLOOKUP(G69,'All Associates'!A:A,'All Associates'!B:B) | I69: =_xlfn.XLOOKUP(G69,'All Associates'!A:A,'All Associates'!D:D) | J69: =IF(G69<>"","Allocated","Available")
A70: T | B70: 3 | C70: D | D70: 01 | E70: M2 | F70: =A70&B70&"-"&C70&E70&"-"&D70 | H70: =_xlfn.XLOOKUP(G70,'All Associates'!A:A,'All Associates'!B:B) | I70: =_xlfn.XLOOKUP(G70,'All Associates'!A:A,'All Associates'!D:D) | J70: Available
A71: T | B71: 3 | C71: D | D71: 01 | E71: M3 | F71: =A71&B71&"-"&C71&E71&"-"&D71 | G71: 925 | H71: =_xlfn.XLOOKUP(G71,'All Associates'!A:A,'All Associates'!B:B) | I71: =_xlfn.XLOOKUP(G71,'All Associates'!A:A,'All Associates'!D:D) | J71: =IF(G71<>"","Allocated","Available")
A72: T | B72: 3 | C72: D | D72: 02 | E72: M3 | F72: =A72&B72&"-"&C72&E72&"-"&D72 | G72: 1188 | H72: =_xlfn.XLOOKUP(G72,'All Associates'!A:A,'All Associates'!B:B) | I72: =_xlfn.XLOOKUP(G72,'All Associates'!A:A,'All Associates'!D:D) | J72: =IF(G72<>"","Allocated","Available")
A73: T | B73: 3 | C73: D | D73: 01 | E73: M4 | F73: =A73&B73&"-"&C73&E73&"-"&D73 | G73: 597 | H73: =_xlfn.XLOOKUP(G73,'All Associates'!A:A,'All Associates'!B:B) | I73: =_xlfn.XLOOKUP(G73,'All Associates'!A:A,'All Associates'!D:D) | J73: =IF(G73<>"","Allocated","Available")
A74: T | B74: 3 | C74: D | D74: 01 | E74: 1 | F74: =A74&B74&"-"&C74&E74&"-"&D74 | G74: 116 | H74: =_xlfn.XLOOKUP(G74,'All Associates'!A:A,'All Associates'!B:B) | I74: =_xlfn.XLOOKUP(G74,'All Associates'!A:A,'All Associates'!D:D) | J74: =IF(G74<>"","Allocated","Available")
A75: T | B75: 3 | C75: D | D75: 02 | E75: 1 | F75: =A75&B75&"-"&C75&E75&"-"&D75 | G75: 915 | H75: =_xlfn.XLOOKUP(G75,'All Associates'!A:A,'All Associates'!B:B) | I75: =_xlfn.XLOOKUP(G75,'All Associates'!A:A,'All Associates'!D:D) | J75: =IF(G75<>"","Allocated","Available")
A76: T | B76: 3 | C76: D | D76: 03 | E76: 1 | F76: =A76&B76&"-"&C76&E76&"-"&D76 | H76: =_xlfn.XLOOKUP(G76,'All Associates'!A:A,'All Associates'!B:B) | I76: =_xlfn.XLOOKUP(G76,'All Associates'!A:A,'All Associates'!D:D) | J76: =IF(G76<>"","Allocated","Available")
A77: T | B77: 3 | C77: D | D77: 04 | E77: 1 | F77: =A77&B77&"-"&C77&E77&"-"&D77 | G77: 274 | H77: =_xlfn.XLOOKUP(G77,'All Associates'!A:A,'All Associates'!B:B) | I77: =_xlfn.XLOOKUP(G77,'All Associates'!A:A,'All Associates'!D:D) | J77: =IF(G77<>"","Allocated","Available")
A78: T | B78: 3 | C78: D | D78: 05 | E78: 1 | F78: =A78&B78&"-"&C78&E78&"-"&D78
A79: T | B79: 3 | C79: D | D79: 06 | E79: 1 | F79: =A79&B79&"-"&C79&E79&"-"&D79
A80: T | B80: 3 | C80: D | D80: 01 | E80: 2 | F80: =A80&B80&"-"&C80&E80&"-"&D80 | H80: =_xlfn.XLOOKUP(G80,'All Associates'!A:A,'All Associates'!B:B) | I80: =_xlfn.XLOOKUP(G80,'All Associates'!A:A,'All Associates'!D:D) | J80: =IF(G80<>"","Allocated","Available")
A81: T | B81: 3 | C81: D | D81: 02 | E81: 2 | F81: =A81&B81&"-"&C81&E81&"-"&D81 | G81: 358 | H81: =_xlfn.XLOOKUP(G81,'All Associates'!A:A,'All Associates'!B:B) | I81: =_xlfn.XLOOKUP(G81,'All Associates'!A:A,'All Associates'!D:D) | J81: =IF(G81<>"","Allocated","Available")
A82: T | B82: 3 | C82: D | D82: 03 | E82: 2 | F82: =A82&B82&"-"&C82&E82&"-"&D82 | H82: =_xlfn.XLOOKUP(G82,'All Associates'!A:A,'All Associates'!B:B) | I82: =_xlfn.XLOOKUP(G82,'All Associates'!A:A,'All Associates'!D:D) | J82: =IF(G82<>"","Allocated","Available")
A83: T | B83: 3 | C83: D | D83: 04 | E83: 2 | F83: =A83&B83&"-"&C83&E83&"-"&D83 | G83: 941 | H83: =_xlfn.XLOOKUP(G83,'All Associates'!A:A,'All Associates'!B:B) | I83: =_xlfn.XLOOKUP(G83,'All Associates'!A:A,'All Associates'!D:D) | J83: =IF(G83<>"","Allocated","Available")
A84: T | B84: 3 | C84: D | D84: 05 | E84: 2 | F84: =A84&B84&"-"&C84&E84&"-"&D84
A85: T | B85: 3 | C85: D | D85: 06 | E85: 2 | F85: =A85&B85&"-"&C85&E85&"-"&D85

Sheet Tower_4
A1: Building | B1: Floor | C1: Area | D1: Desk Number | E1: Row | F1: Desk number | G1: Associate Staff ID - INPUT | H1: Associate Name | I1: 1st line Supervisor | J1: Desk Status | M1: Floor Plan
A2: T | B2: 4 | C2: A | D2: 01 | E2: 1 | F2: =A2&B2&"-"&C2&E2&"-"&D2 | G2: 366 | H2: =_xlfn.XLOOKUP(G2,'All Associates'!A:A,'All Associates'!B:B) | I2: =_xlfn.XLOOKUP(G2,'All Associates'!A:A,'All Associates'!D:D) | J2: =IF(G2<>"","Allocated","Available")
A3: T | B3: 4 | C3: A | D3: 02 | E3: 1 | F3: =A3&B3&"-"&C3&E3&"-"&D3 | G3: 790 | H3: =_xlfn.XLOOKUP(G3,'All Associates'!A:A,'All Associates'!B:B) | I3: =_xlfn.XLOOKUP(G3,'All Associates'!A:A,'All Associates'!D:D) | J3: =IF(G3<>"","Allocated","Available")
A4: T | B4: 4 | C4: A | D4: 03 | E4: 1 | F4: =A4&B4&"-"&C4&E4&"-"&D4 | G4: 781 | H4: =_xlfn.XLOOKUP(G4,'All Associates'!A:A,'All Associates'!B:B) | I4: =_xlfn.XLOOKUP(G4,'All Associates'!A:A,'All Associates'!D:D) | J4: =IF(G4<>"","Allocated","Available")
A5: T | B5: 4 | C5: A | D5: 04 | E5: 1 | F5: =A5&B5&"-"&C5&E5&"-"&D5 | G5: 711 | H5: =_xlfn.XLOOKUP(G5,'All Associates'!A:A,'All Associates'!B:B) | I5: =_xlfn.XLOOKUP(G5,'All Associates'!A:A,'All Associates'!D:D) | J5: =IF(G5<>"","Allocated","Available")
A6: T | B6: 4 | C6: A | D6: 05 | E6: 1 | F6: =A6&B6&"-"&C6&E6&"-"&D6 | G6: 867 | H6: =_xlfn.XLOOKUP(G6,'All Associates'!A:A,'All Associates'!B:B) | I6: =_xlfn.XLOOKUP(G6,'All Associates'!A:A,'All Associates'!D:D) | J6: =IF(G6<>"","Allocated","Available")
A7: T | B7: 4 | C7: A | D7: 06 | E7: 1 | F7: =A7&B7&"-"&C7&E7&"-"&D7 | G7: 2004 | H7: =_xlfn.XLOOKUP(G7,'All Associates'!A:A,'All Associates'!B:B) | I7: =_xlfn.XLOOKUP(G7,'All Associates'!A:A,'All Associates'!D:D) | J7: =IF(G7<>"","Allocated","Available")
A8: T | B8: 4 | C8: A | D8: 07 | E8: 1 | F8: =A8&B8&"-"&C8&E8&"-"&D8 | G8: 483 | H8: =_xlfn.XLOOKUP(G8,'All Associates'!A:A,'All Associates'!B:B) | I8: =_xlfn.XLOOKUP(G8,'All Associates'!A:A,'All Associates'!D:D) | J8: =IF(G8<>"","Allocated","Available")
A9: T | B9: 4 | C9: A | D9: 08 | E9: 1 | F9: =A9&B9&"-"&C9&E9&"-"&D9 | G9: 2031 | H9: =_xlfn.XLOOKUP(G9,'All Associates'!A:A,'All Associates'!B:B) | I9: =_xlfn.XLOOKUP(G9,'All Associates'!A:A,'All Associates'!D:D) | J9: =IF(G9<>"","Allocated","Available")
A10: T | B10: 4 | C10: A | D10: 01 | E10: 2 | F10: =A10&B10&"-"&C10&E10&"-"&D10 | G10: 379 | H10: =_xlfn.XLOOKUP(G10,'All Associates'!A:A,'All Associates'!B:B) | I10: =_xlfn.XLOOKUP(G10,'All Associates'!A:A,'All Associates'!D:D) | J10: =IF(G10<>"","Allocated","Available")
A11: T | B11: 4 | C11: A | D11: 02 | E11: 2 | F11: =A11&B11&"-"&C11&E11&"-"&D11 | G11: 368 | H11: =_xlfn.XLOOKUP(G11,'All Associates'!A:A,'All Associates'!B:B) | I11: =_xlfn.XLOOKUP(G11,'All Associates'!A:A,'All Associates'!D:D) | J11: =IF(G11<>"","Allocated","Available")
A12: T | B12: 4 | C12: A | D12: 03 | E12: 2 | F12: =A12&B12&"-"&C12&E12&"-"&D12 | G12: 70 | H12: =_xlfn.XLOOKUP(G12,'All Associates'!A:A,'All Associates'!B:B) | I12: =_xlfn.XLOOKUP(G12,'All Associates'!A:A,'All Associates'!D:D) | J12: =IF(G12<>"","Allocated","Available")
A13: T | B13: 4 | C13: A | D13: 04 | E13: 2 | F13: =A13&B13&"-"&C13&E13&"-"&D13 | G13: 851 | H13: =_xlfn.XLOOKUP(G13,'All Associates'!A:A,'All Associates'!B:B) | I13: =_xlfn.XLOOKUP(G13,'All Associates'!A:A,'All Associates'!D:D) | J13: =IF(G13<>"","Allocated","Available")
... A25: T | B25: 4 | C25: A | D25: 08 | E25: 3 | F25: =A25&B25&"-"&C25&E25&"-"&D25 | G25: 800 | H25: =_xlfn.XLOOKUP(G25,'All Associates'!A:A,'All Associates'!B:B) | I25: =_xlfn.XLOOKUP(G25,'All Associates'!A:A,'All Associates'!D:D) | J25: =IF(G25<>"","Allocated","Available")
A26: T | B26: 4 | C26: A | D26: 1 | E26: M1 | F26: =A26&B26&"-"&C26&E26&"-"&D26 | G26: 343 | H26: =_xlfn.XLOOKUP(G26,'All Associates'!A:A,'All Associates'!B:B) | I26: =_xlfn.XLOOKUP(G26,'All Associates'!A:A,'All Associates'!D:D) | J26: =IF(G26<>"","Allocated","Available")
A27: T | B27: 4 | C27: A | D27: 1 | E27: 4 | F27: =A27&B27&"-"&C27&E27&"-"&D27 | G27: 2026 | H27: =_xlfn.XLOOKUP(G27,'All Associates'!A:A,'All Associates'!B:B) | I27: =_xlfn.XLOOKUP(G27,'All Associates'!A:A,'All Associates'!D:D) | J27: =IF(G27<>"","Allocated","Available")
A28: T | B28: 4 | C28: A | D28: 2 | E28: 4 | F28: =A28&B28&"-"&C28&E28&"-"&D28 | H28: =_xlfn.XLOOKUP(G28,'All Associates'!A:A,'All Associates'!B:B) | I28: =_xlfn.XLOOKUP(G28,'All Associates'!A:A,'All Associates'!D:D) | J28: =IF(G28<>"","Allocated","Available")
A29: T | B29: 4 | C29: A | D29: 3 | E29: 4 | F29: =A29&B29&"-"&C29&E29&"-"&D29 | G29: 2027 | H29: =_xlfn.XLOOKUP(G29,'All Associates'!A:A,'All Associates'!B:B) | I29: =_xlfn.XLOOKUP(G29,'All Associates'!A:A,'All Associates'!D:D) | J29: =IF(G29<>"","Allocated","Available")
A30: T | B30: 4 | C30: A | D30: 4 | E30: 4 | F30: =A30&B30&"-"&C30&E30&"-"&D30 | H30: =_xlfn.XLOOKUP(G30,'All Associates'!A:A,'All Associates'!B:B) | I30: =_xlfn.XLOOKUP(G30,'All Associates'!A:A,'All Associates'!D:D) | J30: =IF(G30<>"","Allocated","Available")
A31: T | B31: 4 | C31: B | D31: 01 | E31: 1 | F31: =A31&B31&"-"&C31&E31&"-"&D31 | G31: 735 | H31: =_xlfn.XLOOKUP(G31,'All Associates'!A:A,'All Associates'!B:B) | I31: =_xlfn.XLOOKUP(G31,'All Associates'!A:A,'All Associates'!D:D) | J31: =IF(G31<>"","Allocated","Available")
A32: T | B32: 4 | C32: B | D32: 02 | E32: 1 | F32: =A32&B32&"-"&C32&E32&"-"&D32 | G32: 478 | H32: =_xlfn.XLOOKUP(G32,'All Associates'!A:A,'All Associates'!B:B) | I32: =_xlfn.XLOOKUP(G32,'All Associates'!A:A,'All Associates'!D:D) | J32: =IF(G32<>"","Allocated","Available")
A33: T | B33: 4 | C33: B | D33: 03 | E33: 1 | F33: =A33&B33&"-"&C33&E33&"-"&D33 | G33: 806 | H33: =_xlfn.XLOOKUP(G33,'All Associates'!A:A,'All Associates'!B:B) | I33: =_xlfn.XLOOKUP(G33,'All Associates'!A:A,'All Associates'!D:D) | J33: =IF(G33<>"","Allocated","Available")
A34: T | B34: 4 | C34: B | D34: 04 | E34: 1 | F34: =A34&B34&"-"&C34&E34&"-"&D34 | G34: 2029 | H34: =_xlfn.XLOOKUP(G34,'All Associates'!A:A,'All Associates'!B:B) | I34: =_xlfn.XLOOKUP(G34,'All Associates'!A:A,'All Associates'!D:D) | J34: =IF(G34<>"","Allocated","Available")
A35: T | B35: 4 | C35: B | D35: 05 | E35: 1 | F35: =A35&B35&"-"&C35&E35&"-"&D35 | G35: 185 | H35: =_xlfn.XLOOKUP(G35,'All Associates'!A:A,'All Associates'!B:B) | I35: =_xlfn.XLOOKUP(G35,'All Associates'!A:A,'All Associates'!D:D) | J35: =IF(G35<>"","Allocated","Available")
A36: T | B36: 4 | C36: B | D36: 01 | E36: 2 | F36: =A36&B36&"-"&C36&E36&"-"&D36 | G36: 431 | H36: =_xlfn.XLOOKUP(G36,'All Associates'!A:A,'All Associates'!B:B) | I36: =_xlfn.XLOOKUP(G36,'All Associates'!A:A,'All Associates'!D:D) | J36: =IF(G36<>"","Allocated","Available")
A37: T | B37: 4 | C37: B | D37: 02 | E37: 2 | F37: =A37&B37&"-"&C37&E37&"-"&D37 | G37: 852 | H37: =_xlfn.XLOOKUP(G37,'All Associates'!A:A,'All Associates'!B:B) | I37: =_xlfn.XLOOKUP(G37,'All Associates'!A:A,'All Associates'!D:D) | J37: =IF(G37<>"","Allocated","Available")
A38: T | B38: 4 | C38: B | D38: 03 | E38: 2 | F38: =A38&B38&"-"&C38&E38&"-"&D38 | G38: 1003 | H38: =_xlfn.XLOOKUP(G38,'All Associates'!A:A,'All Associates'!B:B) | I38: =_xlfn.XLOOKUP(G38,'All Associates'!A:A,'All Associates'!D:D) | J38: =IF(G38<>"","Allocated","Available")
A39: T | B39: 4 | C39: B | D39: 04 | E39: 2 | F39: =A39&B39&"-"&C39&E39&"-"&D39 | G39: 859 | H39: =_xlfn.XLOOKUP(G39,'All Associates'!A:A,'All Associates'!B:B) | I39: =_xlfn.XLOOKUP(G39,'All Associates'!A:A,'All Associates'!D:D) | J39: =IF(G39<>"","Allocated","Available")
A40: T | B40: 4 | C40: B | D40: 05 | E40: 2 | F40: =A40&B40&"-"&C40&E40&"-"&D40 | G40: 1167 | H40: =_xlfn.XLOOKUP(G40,'All Associates'!A:A,'All Associates'!B:B) | I40: =_xlfn.XLOOKUP(G40,'All Associates'!A:A,'All Associates'!D:D) | J40: =IF(G40<>"","Allocated","Available")
A41: T | B41: 4 | C41: B | D41: 06 | E41: 2 | F41: =A41&B41&"-"&C41&E41&"-"&D41 | H41: =_xlfn.XLOOKUP(G41,'All Associates'!A:A,'All Associates'!B:B) | I41: =_xlfn.XLOOKUP(G41,'All Associates'!A:A,'All Associates'!D:D) | J41: =IF(G41<>"","Allocated","Available")
A42: T | B42: 4 | C42: C | D42: 01 | E42: 1 | F42: =A42&B42&"-"&C42&E42&"-"&D42 | G42: 531 | H42: =_xlfn.XLOOKUP(G42,'All Associates'!A:A,'All Associates'!B:B) | I42: =_xlfn.XLOOKUP(G42,'All Associates'!A:A,'All Associates'!D:D) | J42: =IF(G42<>"","Allocated","Available")
A43: T | B43: 4 | C43: C | D43: 02 | E43: 1 | F43: =A43&B43&"-"&C43&E43&"-"&D43 | G43: 1113 | H43: =_xlfn.XLOOKUP(G43,'All Associates'!A:A,'All Associates'!B:B) | I43: =_xlfn.XLOOKUP(G43,'All Associates'!A:A,'All Associates'!D:D) | J43: =IF(G43<>"","Allocated","Available")
A44: T | B44: 4 | C44: C | D44: 03 | E44: 1 | F44: =A44&B44&"-"&C44&E44&"-"&D44 | G44: 725 | H44: =_xlfn.XLOOKUP(G44,'All Associates'!A:A,'All Associates'!B:B) | I44: =_xlfn.XLOOKUP(G44,'All Associates'!A:A,'All Associates'!D:D) | J44: =IF(G44<>"","Allocated","Available")
A45: T | B45: 4 | C45: C | D45: 04 | E45: 1 | F45: =A45&B45&"-"&C45&E45&"-"&D45 | G45: 227 | H45: =_xlfn.XLOOKUP(G45,'All Associates'!A:A,'All Associates'!B:B) | I45: =_xlfn.XLOOKUP(G45,'All Associates'!A:A,'All Associates'!D:D) | J45: =IF(G45<>"","Allocated","Available")
A46: T | B46: 4 | C46: C | D46: 05 | E46: 1 | F46: =A46&B46&"-"&C46&E46&"-"&D46 | G46: 355 | H46: =_xlfn.XLOOKUP(G46,'All Associates'!A:A,'All Associates'!B:B) | I46: =_xlfn.XLOOKUP(G46,'All Associates'!A:A,'All Associates'!D:D) | J46: =IF(G46<>"","Allocated","Available")
A47: T | B47: 4 | C47: C | D47: 06 | E47: 1 | F47: =A47&B47&"-"&C47&E47&"-"&D47 | G47: 460 | H47: =_xlfn.XLOOKUP(G47,'All Associates'!A:A,'All Associates'!B:B) | I47: =_xlfn.XLOOKUP(G47,'All Associates'!A:A,'All Associates'!D:D) | J47: =IF(G47<>"","Allocated","Available")
A48: T | B48: 4 | C48: C | D48: 01 | E48: 2 | F48: =A48&B48&"-"&C48&E48&"-"&D48 | G48: 1093 | H48: =_xlfn.XLOOKUP(G48,'All Associates'!A:A,'All Associates'!B:B) | I48: =_xlfn.XLOOKUP(G48,'All Associates'!A:A,'All Associates'!D:D) | J48: =IF(G48<>"","Allocated","Available")
A49: T | B49: 4 | C49: C | D49: 02 | E49: 2 | F49: =A49&B49&"-"&C49&E49&"-"&D49 | G49: 1145 | H49: =_xlfn.XLOOKUP(G49,'All Associates'!A:A,'All Associates'!B:B) | I49: =_xlfn.XLOOKUP(G49,'All Associates'!A:A,'All Associates'!D:D) | J49: =IF(G49<>"","Allocated","Available")
A50: T | B50: 4 | C50: C | D50: 03 | E50: 2 | F50: =A50&B50&"-"&C50&E50&"-"&D50 | G50: 775 | H50: =_xlfn.XLOOKUP(G50,'All Associates'!A:A,'All Associates'!B:B) | I50: =_xlfn.XLOOKUP(G50,'All Associates'!A:A,'All Associates'!D:D) | J50: =IF(G50<>"","Allocated","Available")
A51: T | B51: 4 | C51: C | D51: 04 | E51: 2 | F51: =A51&B51&"-"&C51&E51&"-"&D51 | H51: =_xlfn.XLOOKUP(G51,'All Associates'!A:A,'All Associates'!B:B) | I51: =_xlfn.XLOOKUP(G51,'All Associates'!A:A,'All Associates'!D:D) | J51: =IF(G51<>"","Allocated","Available")
A52: T | B52: 4 | C52: C | D52: 05 | E52: 2 | F52: =A52&B52&"-"&C52&E52&"-"&D52 | H52: =_xlfn.XLOOKUP(G52,'All Associates'!A:A,'All Associates'!B:B) | I52: =_xlfn.XLOOKUP(G52,'All Associates'!A:A,'All Associates'!D:D) | J52: =IF(G52<>"","Allocated","Available")
A53: T | B53: 4 | C53: C | D53: 06 | E53: 2 | F53: =A53&B53&"-"&C53&E53&"-"&D53 | H53: =_xlfn.XLOOKUP(G53,'All Associates'!A:A,'All Associates'!B:B) | I53: =_xlfn.XLOOKUP(G53,'All Associates'!A:A,'All Associates'!D:D) | J53: =IF(G53<>"","Allocated","Available")
A54: T | B54: 4 | C54: C | D54: 01 | E54: 3 | F54: =A54&B54&"-"&C54&E54&"-"&D54 | G54: 356 | H54: =_xlfn.XLOOKUP(G54,'All Associates'!A:A,'All Associates'!B:B) | I54: =_xlfn.XLOOKUP(G54,'All Associates'!A:A,'All Associates'!D:D) | J54: =IF(G54<>"","Allocated","Available")
A55: T | B55: 4 | C55: C | D55: 02 | E55: 3 | F55: =A55&B55&"-"&C55&E55&"-"&D55 | G55: 797 | H55: =_xlfn.XLOOKUP(G55,'All Associates'!A:A,'All Associates'!B:B) | I55: =_xlfn.XLOOKUP(G55,'All Associates'!A:A,'All Associates'!D:D) | J55: =IF(G55<>"","Allocated","Available")
A56: T | B56: 4 | C56: C | D56: 03 | E56: 3 | F56: =A56&B56&"-"&C56&E56&"-"&D56 | G56: 1198 | H56: =_xlfn.XLOOKUP(G56,'All Associates'!A:A,'All Associates'!B:B) | I56: =_xlfn.XLOOKUP(G56,'All Associates'!A:A,'All Associates'!D:D) | J56: =IF(G56<>"","Allocated","Available")
A57: T | B57: 4 | C57: C | D57: 04 | E57: 3 | F57: =A57&B57&"-"&C57&E57&"-"&D57 | G57: 1059 | H57: =_xlfn.XLOOKUP(G57,'All Associates'!A:A,'All Associates'!B:B) | I57: =_xlfn.XLOOKUP(G57,'All Associates'!A:A,'All Associates'!D:D) | J57: =IF(G57<>"","Allocated","Available")
A58: T | B58: 4 | C58: C | D58: 05 | E58: 3 | F58: =A58&B58&"-"&C58&E58&"-"&D58 | G58: 2017 | H58: =_xlfn.XLOOKUP(G58,'All Associates'!A:A,'All Associates'!B:B) | I58: =_xlfn.XLOOKUP(G58,'All Associates'!A:A,'All Associates'!D:D) | J58: =IF(G58<>"","Allocated","Available")
A59: T | B59: 4 | C59: C | D59: 06 | E59: 3 | F59: =A59&B59&"-"&C59&E59&"-"&D59 | G59: 1016 | H59: =_xlfn.XLOOKUP(G59,'All Associates'!A:A,'All Associates'!B:B) | I59: =_xlfn.XLOOKUP(G59,'All Associates'!A:A,'All Associates'!D:D) | J59: =IF(G59<>"","Allocated","Available")
A60: T | B60: 4 | C60: C | D60: 03 | E60: 4 | F60: =A60&B60&"-"&C60&E60&"-"&D60 | G60: 1053 | H60: =_xlfn.XLOOKUP(G60,'All Associates'!A:A,'All Associates'!B:B) | I60: =_xlfn.XLOOKUP(G60,'All Associates'!A:A,'All Associates'!D:D) | J60: =IF(G60<>"","Allocated","Available")
A61: T | B61: 4 | C61: C | D61: 02 | E61: 4 | F61: =A61&B61&"-"&C61&E61&"-"&D61 | G61: 511 | H61: =_xlfn.XLOOKUP(G61,'All Associates'!A:A,'All Associates'!B:B) | I61: =_xlfn.XLOOKUP(G61,'All Associates'!A:A,'All Associates'!D:D) | J61: =IF(G61<>"","Allocated","Available")
A62: T | B62: 4 | C62: C | D62: 1 | E62: 4 | F62: =A62&B62&"-"&C62&E62&"-"&D62 | G62: 465 | H62: =_xlfn.XLOOKUP(G62,'All Associates'!A:A,'All Associates'!B:B) | I62: =_xlfn.XLOOKUP(G62,'All Associates'!A:A,'All Associates'!D:D) | J62: =IF(G62<>"","Allocated","Available")
A63: T | B63: 4 | C63: C | D63: 04 | E63: 4 | F63: =A63&B63&"-"&C63&E63&"-"&D63 | G63: 886 | H63: =_xlfn.XLOOKUP(G63,'All Associates'!A:A,'All Associates'!B:B) | I63: =_xlfn.XLOOKUP(G63,'All Associates'!A:A,'All Associates'!D:D) | J63: =IF(G63<>"","Allocated","Available")
A64: T | B64: 4 | C64: C | D64: 05 | E64: 4 | F64: =A64&B64&"-"&C64&E64&"-"&D64 | H64: =_xlfn.XLOOKUP(G64,'All Associates'!A:A,'All Associates'!B:B) | I64: =_xlfn.XLOOKUP(G64,'All Associates'!A:A,'All Associates'!D:D) | J64: =IF(G64<>"","Allocated","Available")
A65: T | B65: 4 | C65: C | D65: 06 | E65: 4 | F65: =A65&B65&"-"&C65&E65&"-"&D65 | G65: 1038 | H65: =_xlfn.XLOOKUP(G65,'All Associates'!A:A,'All Associates'!B:B) | I65: =_xlfn.XLOOKUP(G65,'All Associates'!A:A,'All Associates'!D:D) | J65: =IF(G65<>"","Allocated","Available")
A66: T | B66: 4 | C66: C | D66: 01 | E66: 5 | F66: =A66&B66&"-"&C66&E66&"-"&D66 | G66: 1028 | H66: =_xlfn.XLOOKUP(G66,'All Associates'!A:A,'All Associates'!B:B) | I66: =_xlfn.XLOOKUP(G66,'All Associates'!A:A,'All Associates'!D:D) | J66: =IF(G66<>"","Allocated","Available")
A67: T | B67: 4 | C67: C | D67: 02 | E67: 5 | F67: =A67&B67&"-"&C67&E67&"-"&D67 | H67: =_xlfn.XLOOKUP(G67,'All Associates'!A:A,'All Associates'!B:B) | I67: =_xlfn.XLOOKUP(G67,'All Associates'!A:A,'All Associates'!D:D) | J67: =IF(G67<>"","Allocated","Available")
A68: T | B68: 4 | C68: C | D68: 03 | E68: 5 | F68: =A68&B68&"-"&C68&E68&"-"&D68 | G68: 437 | H68: =_xlfn.XLOOKUP(G68,'All Associates'!A:A,'All Associates'!B:B) | I68: =_xlfn.XLOOKUP(G68,'All Associates'!A:A,'All Associates'!D:D) | J68: =IF(G68<>"","Allocated","Available")
A69: T | B69: 4 | C69: C | D69: 04 | E69: 5 | F69: =A69&B69&"-"&C69&E69&"-"&D69 | H69: =_xlfn.XLOOKUP(G69,'All Associates'!A:A,'All Associates'!B:B) | I69: =_xlfn.XLOOKUP(G69,'All Associates'!A:A,'All Associates'!D:D) | J69: =IF(G69<>"","Allocated","Available")
A70: T | B70: 4 | C70: C | D70: 05 | E70: 5 | F70: =A70&B70&"-"&C70&E70&"-"&D70 | G70: 371 | H70: =_xlfn.XLOOKUP(G70,'All Associates'!A:A,'All Associates'!B:B) | I70: =_xlfn.XLOOKUP(G70,'All Associates'!A:A,'All Associates'!D:D) | J70: =IF(G70<>"","Allocated","Available")
A71: T | B71: 4 | C71: C | D71: 06 | E71: 5 | F71: =A71&B71&"-"&C71&E71&"-"&D71 | G71: 869 | H71: =_xlfn.XLOOKUP(G71,'All Associates'!A:A,'All Associates'!B:B) | I71: =_xlfn.XLOOKUP(G71,'All Associates'!A:A,'All Associates'!D:D) | J71: =IF(G71<>"","Allocated","Available")
A72: T | B72: 4 | C72: C | D72: 01 | E72: 6 | F72: =A72&B72&"-"&C72&E72&"-"&D72 | H72: =_xlfn.XLOOKUP(G72,'All Associates'!A:A,'All Associates'!B:B) | I72: =_xlfn.XLOOKUP(G72,'All Associates'!A:A,'All Associates'!D:D) | J72: =IF(G72<>"","Allocated","Available")
A73: T | B73: 4 | C73: C | D73: 02 | E73: 6 | F73: =A73&B73&"-"&C73&E73&"-"&D73 | H73: =_xlfn.XLOOKUP(G73,'All Associates'!A:A,'All Associates'!B:B) | I73: =_xlfn.XLOOKUP(G73,'All Associates'!A:A,'All Associates'!D:D) | J73: =IF(G73<>"","Allocated","Available")
A74: T | B74: 4 | C74: C | D74: 03 | E74: 6 | F74: =A74&B74&"-"&C74&E74&"-"&D74 | H74: =_xlfn.XLOOKUP(G74,'All Associates'!A:A,'All Associates'!B:B) | I74: =_xlfn.XLOOKUP(G74,'All Associates'!A:A,'All Associates'!D:D) | J74: =IF(G74<>"","Allocated","Available")
A75: T | B75: 4 | C75: C | D75: 04 | E75: 6 | F75: =A75&B75&"-"&C75&E75&"-"&D75 | H75: =_xlfn.XLOOKUP(G75,'All Associates'!A:A,'All Associates'!B:B) | I75: =_xlfn.XLOOKUP(G75,'All Associates'!A:A,'All Associates'!D:D) | J75: =IF(G75<>"","Allocated","Available")
A76: T | B76: 4 | C76: C | D76: 05 | E76: 6 | F76: =A76&B76&"-"&C76&E76&"-"&D76 | G76: 192 | H76: =_xlfn.XLOOKUP(G76,'All Associates'!A:A,'All Associates'!B:B) | I76: =_xlfn.XLOOKUP(G76,'All Associates'!A:A,'All Associates'!D:D) | J76: =IF(G76<>"","Allocated","Available")
A77: T | B77: 4 | C77: C | D77: 06 | E77: 6 | F77: =A77&B77&"-"&C77&E77&"-"&D77 | H77: =_xlfn.XLOOKUP(G77,'All Associates'!A:A,'All Associates'!B:B) | I77: =_xlfn.XLOOKUP(G77,'All Associates'!A:A,'All Associates'!D:D) | J77: =IF(G77<>"","Allocated","Available")
A78: T | B78: 4 | C78: C | D78: 01 | E78: M1 | F78: =A78&B78&"-"&C78&E78&"-"&D78 | G78: 219 | H78: =_xlfn.XLOOKUP(G78,'All Associates'!A:A,'All Associates'!B:B) | I78: =_xlfn.XLOOKUP(G78,'All Associates'!A:A,'All Associates'!D:D) | J78: =IF(G78<>"","Allocated","Available")
A79: T | B79: 4 | C79: C | D79: 01 | E79: M2 | F79: =A79&B79&"-"&C79&E79&"-"&D79 | G79: 170 | H79: =_xlfn.XLOOKUP(G79,'All Associates'!A:A,'All Associates'!B:B) | I79: =_xlfn.XLOOKUP(G79,'All Associates'!A:A,'All Associates'!D:D) | J79: =IF(G79<>"","Allocated","Available")
A80: T | B80: 4 | C80: D | D80: 01 | E80: 1 | F80: =A80&B80&"-"&C80&E80&"-"&D80 | G80: 231 | H80: =_xlfn.XLOOKUP(G80,'All Associates'!A:A,'All Associates'!B:B) | I80: =_xlfn.XLOOKUP(G80,'All Associates'!A:A,'All Associates'!D:D) | J80: =IF(G80<>"","Allocated","Available")
A81: T | B81: 4 | C81: D | D81: 02 | E81: 1 | F81: =A81&B81&"-"&C81&E81&"-"&D81 | G81: 1142 | H81: =_xlfn.XLOOKUP(G81,'All Associates'!A:A,'All Associates'!B:B) | I81: =_xlfn.XLOOKUP(G81,'All Associates'!A:A,'All Associates'!D:D) | J81: =IF(G81<>"","Allocated","Available")
A82: T | B82: 4 | C82: D | D82: 03 | E82: 1 | F82: =A82&B82&"-"&C82&E82&"-"&D82 | G82: 1138 | H82: =_xlfn.XLOOKUP(G82,'All Associates'!A:A,'All Associates'!B:B) | I82: =_xlfn.XLOOKUP(G82,'All Associates'!A:A,'All Associates'!D:D) | J82: =IF(G82<>"","Allocated","Available")
A83: T | B83: 4 | C83: D | D83: 04 | E83: 1 | F83: =A83&B83&"-"&C83&E83&"-"&D83 | G83: 1124 | H83: =_xlfn.XLOOKUP(G83,'All Associates'!A:A,'All Associates'!B:B) | I83: =_xlfn.XLOOKUP(G83,'All Associates'!A:A,'All Associates'!D:D) | J83: =IF(G83<>"","Allocated","Available")
A84: T | B84: 4 | C84: D | D84: 05 | E84: 1 | F84: =A84&B84&"-"&C84&E84&"-"&D84 | G84: 1058 | H84: =_xlfn.XLOOKUP(G84,'All Associates'!A:A,'All Associates'!B:B) | I84: =_xlfn.XLOOKUP(G84,'All Associates'!A:A,'All Associates'!D:D) | J84: =IF(G84<>"","Allocated","Available")
A85: T | B85: 4 | C85: D | D85: 06 | E85: 1 | F85: =A85&B85&"-"&C85&E85&"-"&D85 | G85: 918 | H85: =_xlfn.XLOOKUP(G85,'All Associates'!A:A,'All Associates'!B:B) | I85: =_xlfn.XLOOKUP(G85,'All Associates'!A:A,'All Associates'!D:D) | J85: =IF(G85<>"","Allocated","Available")
A86: T | B86: 4 | C86: D | D86: 01 | E86: 2 | F86: =A86&B86&"-"&C86&E86&"-"&D86 | G86: 848 | H86: =_xlfn.XLOOKUP(G86,'All Associates'!A:A,'All Associates'!B:B) | I86: =_xlfn.XLOOKUP(G86,'All Associates'!A:A,'All Associates'!D:D) | J86: =IF(G86<>"","Allocated","Available")
A87: T | B87: 4 | C87: D | D87: 02 | E87: 2 | F87: =A87&B87&"-"&C87&E87&"-"&D87 | G87: 83 | H87: =_xlfn.XLOOKUP(G87,'All Associates'!A:A,'All Associates'!B:B) | I87: =_xlfn.XLOOKUP(G87,'All Associates'!A:A,'All Associates'!D:D) | J87: =IF(G87<>"","Allocated","Available")
A88: T | B88: 4 | C88: D | D88: 03 | E88: 2 | F88: =A88&B88&"-"&C88&E88&"-"&D88 | G88: 2022 | H88: =_xlfn.XLOOKUP(G88,'All Associates'!A:A,'All Associates'!B:B) | I88: =_xlfn.XLOOKUP(G88,'All Associates'!A:A,'All Associates'!D:D) | J88: =IF(G88<>"","Allocated","Available")
A89: T | B89: 4 | C89: D | D89: 04 | E89: 2 | F89: =A89&B89&"-"&C89&E89&"-"&D89 | G89: 1211 | H89: =_xlfn.XLOOKUP(G89,'All Associates'!A:A,'All Associates'!B:B) | I89: =_xlfn.XLOOKUP(G89,'All Associates'!A:A,'All Associates'!D:D) | J89: =IF(G89<>"","Allocated","Available")
A90: T | B90: 4 | C90: D | D90: 05 | E90: 2 | F90: =A90&B90&"-"&C90&E90&"-"&D90 | G90: 799 | H90: =_xlfn.XLOOKUP(G90,'All Associates'!A:A,'All Associates'!B:B) | I90: =_xlfn.XLOOKUP(G90,'All Associates'!A:A,'All Associates'!D:D) | J90: =IF(G90<>"","Allocated","Available")
A91: T | B91: 4 | C91: D | D91: 06 | E91: 2 | F91: =A91&B91&"-"&C91&E91&"-"&D91 | G91: 285 | H91: =_xlfn.XLOOKUP(G91,'All Associates'!A:A,'All Associates'!B:B) | I91: =_xlfn.XLOOKUP(G91,'All Associates'!A:A,'All Associates'!D:D) | J91: =IF(G91<>"","Allocated","Available")
... A93: T | B93: 4 | C93: D | D93: 02 | E93: 3 | F93: =A93&B93&"-"&C93&E93&"-"&D93 | G93: 856 | H93: =_xlfn.XLOOKUP(G93,'All Associates'!A:A,'All Associates'!B:B) | I93: =_xlfn.XLOOKUP(G93,'All Associates'!A:A,'All Associates'!D:D) | J93: =IF(G93<>"","Allocated","Available")
A94: T | B94: 4 | C94: D | D94: 03 | E94: 3 | F94: =A94&B94&"-"&C94&E94&"-"&D94 | H94: =_xlfn.XLOOKUP(G94,'All Associates'!A:A,'All Associates'!B:B) | I94: =_xlfn.XLOOKUP(G94,'All Associates'!A:A,'All Associates'!D:D) | J94: =IF(G94<>"","Allocated","Available")
A95: T | B95: 4 | C95: D | D95: 04 | E95: 3 | F95: =A95&B95&"-"&C95&E95&"-"&D95 | G95: 1165 | H95: =_xlfn.XLOOKUP(G95,'All Associates'!A:A,'All Associates'!B:B) | I95: =_xlfn.XLOOKUP(G95,'All Associates'!A:A,'All Associates'!D:D) | J95: =IF(G95<>"","Allocated","Available")
A96: T | B96: 4 | C96: D | D96: 05 | E96: 3 | F96: =A96&B96&"-"&C96&E96&"-"&D96 | G96: 972 | H96: =_xlfn.XLOOKUP(G96,'All Associates'!A:A,'All Associates'!B:B) | I96: =_xlfn.XLOOKUP(G96,'All Associates'!A:A,'All Associates'!D:D) | J96: =IF(G96<>"","Allocated","Available")
A97: T | B97: 4 | C97: D | D97: 06 | E97: 3 | F97: =A97&B97&"-"&C97&E97&"-"&D97 | G97: 748 | H97: =_xlfn.XLOOKUP(G97,'All Associates'!A:A,'All Associates'!B:B) | I97: =_xlfn.XLOOKUP(G97,'All Associates'!A:A,'All Associates'!D:D) | J97: =IF(G97<>"","Allocated","Available")
A98: T | B98: 4 | C98: D | D98: 01 | E98: 4 | F98: =A98&B98&"-"&C98&E98&"-"&D98 | G98: 745 | H98: =_xlfn.XLOOKUP(G98,'All Associates'!A:A,'All Associates'!B:B) | I98: =_xlfn.XLOOKUP(G98,'All Associates'!A:A,'All Associates'!D:D) | J98: =IF(G98<>"","Allocated","Available")
A99: T | B99: 4 | C99: D | D99: 02 | E99: 4 | F99: =A99&B99&"-"&C99&E99&"-"&D99 | G99: 699 | H99: =_xlfn.XLOOKUP(G99,'All Associates'!A:A,'All Associates'!B:B) | I99: =_xlfn.XLOOKUP(G99,'All Associates'!A:A,'All Associates'!D:D) | J99: =IF(G99<>"","Allocated","Available")
A100: T | B100: 4 | C100: D | D100: 03 | E100: 4 | F100: =A100&B100&"-"&C100&E100&"-"&D100 | G100: 1057 | H100: =_xlfn.XLOOKUP(G100,'All Associates'!A:A,'All Associates'!B:B) | I100: =_xlfn.XLOOKUP(G100,'All Associates'!A:A,'All Associates'!D:D) | J100: =IF(G100<>"","Allocated","Available")
A101: T | B101: 4 | C101: D | D101: 04 | E101: 4 | F101: =A101&B101&"-"&C101&E101&"-"&D101 | G101: 619 | H101: =_xlfn.XLOOKUP(G101,'All Associates'!A:A,'All Associates'!B:B) | I101: =_xlfn.XLOOKUP(G101,'All Associates'!A:A,'All Associates'!D:D) | J101: =IF(G101<>"","Allocated","Available")
A102: T | B102: 4 | C102: D | D102: 05 | E102: 4 | F102: =A102&B102&"-"&C102&E102&"-"&D102 | G102: 1075 | H102: =_xlfn.XLOOKUP(G102,'All Associates'!A:A,'All Associates'!B:B) | I102: =_xlfn.XLOOKUP(G102,'All Associates'!A:A,'All Associates'!D:D) | J102: =IF(G102<>"","Allocated","Available")
A103: T | B103: 4 | C103: D | D103: 06 | E103: 4 | F103: =A103&B103&"-"&C103&E103&"-"&D103 | G103: 2036 | H103: =_xlfn.XLOOKUP(G103,'All Associates'!A:A,'All Associates'!B:B) | I103: =_xlfn.XLOOKUP(G103,'All Associates'!A:A,'All Associates'!D:D) | J103: =IF(G103<>"","Allocated","Available")

Sheet Tower_5
A1: Building | B1: Floor | C1: Area | D1: Desk Number | E1: Row | F1: Desk number | G1: Associate Staff ID - INPUT | H1: Associate Name | I1: 1st line Supervisor | J1: Desk Status | M1: Floor Plan
A2: T | B2: 5 | C2: A | D2: 01 | E2: 1 | F2: =A2&B2&"-"&C2&E2&"-"&D2 | H2: =_xlfn.XLOOKUP(G2,'All Associates'!A:A,'All Associates'!B:B) | I2: =_xlfn.XLOOKUP(G2,'All Associates'!A:A,'All Associates'!D:D) | J2: =IF(G2<>"","Allocated","Available")
A3: T | B3: 5 | C3: A | D3: 02 | E3: 1 | F3: =A3&B3&"-"&C3&E3&"-"&D3 | G3: 796 | H3: =_xlfn.XLOOKUP(G3,'All Associates'!A:A,'All Associates'!B:B) | I3: =_xlfn.XLOOKUP(G3,'All Associates'!A:A,'All Associates'!D:D) | J3: =IF(G3<>"","Allocated","Available")
A4: T | B4: 5 | C4: A | D4: 03 | E4: 1 | F4: =A4&B4&"-"&C4&E4&"-"&D4 | G4: 887 | H4: =_xlfn.XLOOKUP(G4,'All Associates'!A:A,'All Associates'!B:B) | I4: =_xlfn.XLOOKUP(G4,'All Associates'!A:A,'All Associates'!D:D) | J4: =IF(G4<>"","Allocated","Available")
A5: T | B5: 5 | C5: A | D5: 04 | E5: 1 | F5: =A5&B5&"-"&C5&E5&"-"&D5 | G5: 789 | H5: =_xlfn.XLOOKUP(G5,'All Associates'!A:A,'All Associates'!B:B) | I5: =_xlfn.XLOOKUP(G5,'All Associates'!A:A,'All Associates'!D:D) | J5: =IF(G5<>"","Allocated","Available")
A6: T | B6: 5 | C6: A | D6: 05 | E6: 1 | F6: =A6&B6&"-"&C6&E6&"-"&D6 | G6: 726 | H6: =_xlfn.XLOOKUP(G6,'All Associates'!A:A,'All Associates'!B:B) | I6: =_xlfn.XLOOKUP(G6,'All Associates'!A:A,'All Associates'!D:D) | J6: =IF(G6<>"","Allocated","Available")
A7: T | B7: 5 | C7: A | D7: 06 | E7: 1 | F7: =A7&B7&"-"&C7&E7&"-"&D7 | G7: 1027 | H7: =_xlfn.XLOOKUP(G7,'All Associates'!A:A,'All Associates'!B:B) | I7: =_xlfn.XLOOKUP(G7,'All Associates'!A:A,'All Associates'!D:D) | J7: =IF(G7<>"","Allocated","Available")
A8: T | B8: 5 | C8: A | D8: 07 | E8: 1 | F8: =A8&B8&"-"&C8&E8&"-"&D8 | G8: 1154 | H8: =_xlfn.XLOOKUP(G8,'All Associates'!A:A,'All Associates'!B:B) | I8: =_xlfn.XLOOKUP(G8,'All Associates'!A:A,'All Associates'!D:D) | J8: =IF(G8<>"","Allocated","Available")
A9: T | B9: 5 | C9: A | D9: 08 | E9: 1 | F9: =A9&B9&"-"&C9&E9&"-"&D9 | G9: 1203 | H9: =_xlfn.XLOOKUP(G9,'All Associates'!A:A,'All Associates'!B:B) | I9: =_xlfn.XLOOKUP(G9,'All Associates'!A:A,'All Associates'!D:D) | J9: =IF(G9<>"","Allocated","Available")
A10: T | B10: 5 | C10: A | D10: 01 | E10: 2 | F10: =A10&B10&"-"&C10&E10&"-"&D10 | G10: 481 | H10: =_xlfn.XLOOKUP(G10,'All Associates'!A:A,'All Associates'!B:B) | I10: =_xlfn.XLOOKUP(G10,'All Associates'!A:A,'All Associates'!D:D) | J10: =IF(G10<>"","Allocated","Available")
A11: T | B11: 5 | C11: A | D11: 02 | E11: 2 | F11: =A11&B11&"-"&C11&E11&"-"&D11 | G11: 345 | H11: =_xlfn.XLOOKUP(G11,'All Associates'!A:A,'All Associates'!B:B) | I11: =_xlfn.XLOOKUP(G11,'All Associates'!A:A,'All Associates'!D:D) | J11: =IF(G11<>"","Allocated","Available")
A12: T | B12: 5 | C12: A | D12: 03 | E12: 2 | F12: =A12&B12&"-"&C12&E12&"-"&D12 | G12: 963 | H12: =_xlfn.XLOOKUP(G12,'All Associates'!A:A,'All Associates'!B:B) | I12: =_xlfn.XLOOKUP(G12,'All Associates'!A:A,'All Associates'!D:D) | J12: =IF(G12<>"","Allocated","Available")
A13: T | B13: 5 | C13: A | D13: 04 | E13: 2 | F13: =A13&B13&"-"&C13&E13&"-"&D13 | G13: 951 | H13: =_xlfn.XLOOKUP(G13,'All Associates'!A:A,'All Associates'!B:B) | I13: =_xlfn.XLOOKUP(G13,'All Associates'!A:A,'All Associates'!D:D) | J13: =IF(G13<>"","Allocated","Available")
A14: T | B14: 5 | C14: A | D14: 05 | E14: 2 | F14: =A14&B14&"-"&C14&E14&"-"&D14 | G14: 2055 | H14: =_xlfn.XLOOKUP(G14,'All Associates'!A:A,'All Associates'!B:B) | I14: =_xlfn.XLOOKUP(G14,'All Associates'!A:A,'All Associates'!D:D) | J14: =IF(G14<>"","Allocated","Available")
... A16: T | B16: 5 | C16: A | D16: 07 | E16: 2 | F16: =A16&B16&"-"&C16&E16&"-"&D16 | G16: 2053 | H16: =_xlfn.XLOOKUP(G16,'All Associates'!A:A,'All Associates'!B:B) | I16: =_xlfn.XLOOKUP(G16,'All Associates'!A:A,'All Associates'!D:D) | J16: =IF(G16<>"","Allocated","Available")
A17: T | B17: 5 | C17: A | D17: 08 | E17: 2 | F17: =A17&B17&"-"&C17&E17&"-"&D17 | H17: =_xlfn.XLOOKUP(G17,'All Associates'!A:A,'All Associates'!B:B) | I17: =_xlfn.XLOOKUP(G17,'All Associates'!A:A,'All Associates'!D:D) | J17: =IF(G17<>"","Allocated","Available")
A18: T | B18: 5 | C18: A | D18: 01 | E18: 3 | F18: =A18&B18&"-"&C18&E18&"-"&D18 | G18: 189 | H18: =_xlfn.XLOOKUP(G18,'All Associates'!A:A,'All Associates'!B:B) | I18: =_xlfn.XLOOKUP(G18,'All Associates'!A:A,'All Associates'!D:D) | J18: =IF(G18<>"","Allocated","Available")
A19: T | B19: 5 | C19: A | D19: 02 | E19: 3 | F19: =A19&B19&"-"&C19&E19&"-"&D19 | G19: 357 | H19: =_xlfn.XLOOKUP(G19,'All Associates'!A:A,'All Associates'!B:B) | I19: =_xlfn.XLOOKUP(G19,'All Associates'!A:A,'All Associates'!D:D) | J19: =IF(G19<>"","Allocated","Available")
A20: T | B20: 5 | C20: A | D20: 03 | E20: 3 | F20: =A20&B20&"-"&C20&E20&"-"&D20 | G20: 348 | H20: =_xlfn.XLOOKUP(G20,'All Associates'!A:A,'All Associates'!B:B) | I20: =_xlfn.XLOOKUP(G20,'All Associates'!A:A,'All Associates'!D:D) | J20: =IF(G20<>"","Allocated","Available")
A21: T | B21: 5 | C21: A | D21: 04 | E21: 3 | F21: =A21&B21&"-"&C21&E21&"-"&D21 | G21: 316 | H21: =_xlfn.XLOOKUP(G21,'All Associates'!A:A,'All Associates'!B:B) | I21: =_xlfn.XLOOKUP(G21,'All Associates'!A:A,'All Associates'!D:D) | J21: =IF(G21<>"","Allocated","Available")
A22: T | B22: 5 | C22: A | D22: 05 | E22: 3 | F22: =A22&B22&"-"&C22&E22&"-"&D22 | G22: 944 | H22: =_xlfn.XLOOKUP(G22,'All Associates'!A:A,'All Associates'!B:B) | I22: =_xlfn.XLOOKUP(G22,'All Associates'!A:A,'All Associates'!D:D) | J22: =IF(G22<>"","Allocated","Available")
A23: T | B23: 5 | C23: A | D23: 06 | E23: 3 | F23: =A23&B23&"-"&C23&E23&"-"&D23 | G23: 979 | H23: =_xlfn.XLOOKUP(G23,'All Associates'!A:A,'All Associates'!B:B) | I23: =_xlfn.XLOOKUP(G23,'All Associates'!A:A,'All Associates'!D:D) | J23: =IF(G23<>"","Allocated","Available")
A24: T | B24: 5 | C24: A | D24: 07 | E24: 3 | F24: =A24&B24&"-"&C24&E24&"-"&D24 | G24: 240 | H24: =_xlfn.XLOOKUP(G24,'All Associates'!A:A,'All Associates'!B:B) | I24: =_xlfn.XLOOKUP(G24,'All Associates'!A:A,'All Associates'!D:D) | J24: =IF(G24<>"","Allocated","Available")
A25: T | B25: 5 | C25: A | D25: 08 | E25: 3 | F25: =A25&B25&"-"&C25&E25&"-"&D25 | G25: HW | H25: =_xlfn.XLOOKUP(G25,'All Associates'!A:A,'All Associates'!B:B) | I25: =_xlfn.XLOOKUP(G25,'All Associates'!A:A,'All Associates'!D:D) | J25: =IF(G25<>"","Allocated","Available")
A26: T | B26: 5 | C26: A | D26: 01 | E26: M1 | F26: =A26&B26&"-"&C26&E26&"-"&D26 | G26: 36 | H26: =_xlfn.XLOOKUP(G26,'All Associates'!A:A,'All Associates'!B:B) | I26: =_xlfn.XLOOKUP(G26,'All Associates'!A:A,'All Associates'!D:D) | J26: =IF(G26<>"","Allocated","Available")
A27: T | B27: 5 | C27: A | D27: 01 | E27: 4 | F27: =A27&B27&"-"&C27&E27&"-"&D27 | G27: 2046 | H27: =_xlfn.XLOOKUP(G27,'All Associates'!A:A,'All Associates'!B:B) | I27: =_xlfn.XLOOKUP(G27,'All Associates'!A:A,'All Associates'!D:D) | J27: =IF(G27<>"","Allocated","Available")
A28: T | B28: 5 | C28: A | D28: 02 | E28: 4 | F28: =A28&B28&"-"&C28&E28&"-"&D28 | G28: 2021 | H28: =_xlfn.XLOOKUP(G28,'All Associates'!A:A,'All Associates'!B:B) | I28: =_xlfn.XLOOKUP(G28,'All Associates'!A:A,'All Associates'!D:D) | J28: =IF(G28<>"","Allocated","Available")
A29: T | B29: 5 | C29: A | D29: 03 | E29: 4 | F29: =A29&B29&"-"&C29&E29&"-"&D29 | G29: 2045 | H29: =_xlfn.XLOOKUP(G29,'All Associates'!A:A,'All Associates'!B:B) | I29: =_xlfn.XLOOKUP(G29,'All Associates'!A:A,'All Associates'!D:D) | J29: =IF(G29<>"","Allocated","Available")
A30: T | B30: 5 | C30: A | D30: 04 | E30: 4 | F30: =A30&B30&"-"&C30&E30&"-"&D30 | G30: 2014 | H30: =_xlfn.XLOOKUP(G30,'All Associates'!A:A,'All Associates'!B:B) | I30: =_xlfn.XLOOKUP(G30,'All Associates'!A:A,'All Associates'!D:D) | J30: =IF(G30<>"","Allocated","Available")
A31: T | B31: 5 | C31: A | D31: 05 | E31: 4 | F31: =A31&B31&"-"&C31&E31&"-"&D31 | H31: =_xlfn.XLOOKUP(G31,'All Associates'!A:A,'All Associates'!B:B) | I31: =_xlfn.XLOOKUP(G31,'All Associates'!A:A,'All Associates'!D:D) | J31: =IF(G31<>"","Allocated","Available")
A32: T | B32: 5 | C32: A | D32: 06 | E32: 4 | F32: =A32&B32&"-"&C32&E32&"-"&D32 | H32: =_xlfn.XLOOKUP(G32,'All Associates'!A:A,'All Associates'!B:B) | I32: =_xlfn.XLOOKUP(G32,'All Associates'!A:A,'All Associates'!D:D) | J32: =IF(G32<>"","Allocated","Available")
A33: T | B33: 5 | C33: B | D33: 01 | E33: 1 | F33: =A33&B33&"-"&C33&E33&"-"&D33 | G33: 283 | H33: =_xlfn.XLOOKUP(G33,'All Associates'!A:A,'All Associates'!B:B) | I33: =_xlfn.XLOOKUP(G33,'All Associates'!A:A,'All Associates'!D:D) | J33: =IF(G33<>"","Allocated","Available")
A34: T | B34: 5 | C34: B | D34: 02 | E34: 1 | F34: =A34&B34&"-"&C34&E34&"-"&D34 | G34: 954 | H34: =_xlfn.XLOOKUP(G34,'All Associates'!A:A,'All Associates'!B:B) | I34: =_xlfn.XLOOKUP(G34,'All Associates'!A:A,'All Associates'!D:D) | J34: =IF(G34<>"","Allocated","Available")
A35: T | B35: 5 | C35: B | D35: 03 | E35: 1 | F35: =A35&B35&"-"&C35&E35&"-"&D35 | G35: 424 | H35: =_xlfn.XLOOKUP(G35,'All Associates'!A:A,'All Associates'!B:B) | I35: =_xlfn.XLOOKUP(G35,'All Associates'!A:A,'All Associates'!D:D) | J35: =IF(G35<>"","Allocated","Available")
A36: T | B36: 5 | C36: B | D36: 04 | E36: 1 | F36: =A36&B36&"-"&C36&E36&"-"&D36 | G36: 479 | H36: =_xlfn.XLOOKUP(G36,'All Associates'!A:A,'All Associates'!B:B) | I36: =_xlfn.XLOOKUP(G36,'All Associates'!A:A,'All Associates'!D:D) | J36: =IF(G36<>"","Allocated","Available")
A37: T | B37: 5 | C37: B | D37: 05 | E37: 1 | F37: =A37&B37&"-"&C37&E37&"-"&D37 | G37: 1042 | H37: =_xlfn.XLOOKUP(G37,'All Associates'!A:A,'All Associates'!B:B) | I37: =_xlfn.XLOOKUP(G37,'All Associates'!A:A,'All Associates'!D:D) | J37: =IF(G37<>"","Allocated","Available")
A38: T | B38: 5 | C38: B | D38: 01 | E38: 2 | F38: =A38&B38&"-"&C38&E38&"-"&D38 | G38: 1070 | H38: =_xlfn.XLOOKUP(G38,'All Associates'!A:A,'All Associates'!B:B) | I38: =_xlfn.XLOOKUP(G38,'All Associates'!A:A,'All Associates'!D:D) | J38: =IF(G38<>"","Allocated","Available")
A39: T | B39: 5 | C39: B | D39: 02 | E39: 2 | F39: =A39&B39&"-"&C39&E39&"-"&D39 | H39: =_xlfn.XLOOKUP(G39,'All Associates'!A:A,'All Associates'!B:B) | I39: =_xlfn.XLOOKUP(G39,'All Associates'!A:A,'All Associates'!D:D) | J39: =IF(G39<>"","Allocated","Available")
A40: T | B40: 5 | C40: B | D40: 03 | E40: 2 | F40: =A40&B40&"-"&C40&E40&"-"&D40 | G40: 1241 | H40: =_xlfn.XLOOKUP(G40,'All Associates'!A:A,'All Associates'!B:B) | I40: =_xlfn.XLOOKUP(G40,'All Associates'!A:A,'All Associates'!D:D) | J40: =IF(G40<>"","Allocated","Available")
A41: T | B41: 5 | C41: B | D41: 04 | E41: 2 | F41: =A41&B41&"-"&C41&E41&"-"&D41 | H41: =_xlfn.XLOOKUP(G41,'All Associates'!A:A,'All Associates'!B:B) | I41: =_xlfn.XLOOKUP(G41,'All Associates'!A:A,'All Associates'!D:D) | J41: =IF(G41<>"","Allocated","Available")
A42: T | B42: 5 | C42: B | D42: 05 | E42: 2 | F42: =A42&B42&"-"&C42&E42&"-"&D42 | G42: 1189 | H42: =_xlfn.XLOOKUP(G42,'All Associates'!A:A,'All Associates'!B:B) | I42: =_xlfn.XLOOKUP(G42,'All Associates'!A:A,'All Associates'!D:D) | J42: =IF(G42<>"","Allocated","Available")
A43: T | B43: 5 | C43: B | D43: 06 | E43: 2 | F43: =A43&B43&"-"&C43&E43&"-"&D43 | J43: HW
A44: T | B44: 5 | C44: C | D44: 01 | E44: 1 | F44: =A44&B44&"-"&C44&E44&"-"&D44 | G44: 595 | H44: =_xlfn.XLOOKUP(G44,'All Associates'!A:A,'All Associates'!B:B) | I44: =_xlfn.XLOOKUP(G44,'All Associates'!A:A,'All Associates'!D:D) | J44: =IF(G44<>"","Allocated","Available")
A45: T | B45: 5 | C45: C | D45: 02 | E45: 1 | F45: =A45&B45&"-"&C45&E45&"-"&D45 | G45: 568 | H45: =_xlfn.XLOOKUP(G45,'All Associates'!A:A,'All Associates'!B:B) | I45: =_xlfn.XLOOKUP(G45,'All Associates'!A:A,'All Associates'!D:D) | J45: =IF(G45<>"","Allocated","Available")
A46: T | B46: 5 | C46: C | D46: 03 | E46: 1 | F46: =A46&B46&"-"&C46&E46&"-"&D46 | G46: 2032 | H46: =_xlfn.XLOOKUP(G46,'All Associates'!A:A,'All Associates'!B:B) | I46: =_xlfn.XLOOKUP(G46,'All Associates'!A:A,'All Associates'!D:D) | J46: =IF(G46<>"","Allocated","Available")
A47: T | B47: 5 | C47: C | D47: 04 | E47: 1 | F47: =A47&B47&"-"&C47&E47&"-"&D47 | G47: 655 | H47: =_xlfn.XLOOKUP(G47,'All Associates'!A:A,'All Associates'!B:B) | I47: =_xlfn.XLOOKUP(G47,'All Associates'!A:A,'All Associates'!D:D) | J47: =IF(G47<>"","Allocated","Available")
A48: T | B48: 5 | C48: C | D48: 05 | E48: 1 | F48: =A48&B48&"-"&C48&E48&"-"&D48 | G48: 1104 | H48: =_xlfn.XLOOKUP(G48,'All Associates'!A:A,'All Associates'!B:B) | I48: =_xlfn.XLOOKUP(G48,'All Associates'!A:A,'All Associates'!D:D) | J48: =IF(G48<>"","Allocated","Available")
A49: T | B49: 5 | C49: C | D49: 06 | E49: 1 | F49: =A49&B49&"-"&C49&E49&"-"&D49 | G49: 1043 | H49: =_xlfn.XLOOKUP(G49,'All Associates'!A:A,'All Associates'!B:B) | I49: =_xlfn.XLOOKUP(G49,'All Associates'!A:A,'All Associates'!D:D) | J49: =IF(G49<>"","Allocated","Available")
A50: T | B50: 5 | C50: C | D50: 07 | E50: 1 | F50: =A50&B50&"-"&C50&E50&"-"&D50 | H50: =_xlfn.XLOOKUP(G50,'All Associates'!A:A,'All Associates'!B:B) | I50: =_xlfn.XLOOKUP(G50,'All Associates'!A:A,'All Associates'!D:D) | J50: =IF(G50<>"","Allocated","Available")
A51: T | B51: 5 | C51: C | D51: 01 | E51: 2 | F51: =A51&B51&"-"&C51&E51&"-"&D51 | G51: 820 | H51: =_xlfn.XLOOKUP(G51,'All Associates'!A:A,'All Associates'!B:B) | I51: =_xlfn.XLOOKUP(G51,'All Associates'!A:A,'All Associates'!D:D) | J51: =IF(G51<>"","Allocated","Available")
A52: T | B52: 5 | C52: C | D52: 02 | E52: 2 | F52: =A52&B52&"-"&C52&E52&"-"&D52 | G52: 681 | H52: =_xlfn.XLOOKUP(G52,'All Associates'!A:A,'All Associates'!B:B) | I52: =_xlfn.XLOOKUP(G52,'All Associates'!A:A,'All Associates'!D:D) | J52: =IF(G52<>"","Allocated","Available")
A53: T | B53: 5 | C53: C | D53: 03 | E53: 2 | F53: =A53&B53&"-"&C53&E53&"-"&D53 | G53: 976 | H53: =_xlfn.XLOOKUP(G53,'All Associates'!A:A,'All Associates'!B:B) | I53: =_xlfn.XLOOKUP(G53,'All Associates'!A:A,'All Associates'!D:D) | J53: =IF(G53<>"","Allocated","Available")
A54: T | B54: 5 | C54: C | D54: 04 | E54: 2 | F54: =A54&B54&"-"&C54&E54&"-"&D54 | G54: 705 | H54: =_xlfn.XLOOKUP(G54,'All Associates'!A:A,'All Associates'!B:B) | I54: =_xlfn.XLOOKUP(G54,'All Associates'!A:A,'All Associates'!D:D) | J54: =IF(G54<>"","Allocated","Available")
A55: T | B55: 5 | C55: C | D55: 05 | E55: 2 | F55: =A55&B55&"-"&C55&E55&"-"&D55 | G55: 696 | H55: =_xlfn.XLOOKUP(G55,'All Associates'!A:A,'All Associates'!B:B) | I55: =_xlfn.XLOOKUP(G55,'All Associates'!A:A,'All Associates'!D:D) | J55: =IF(G55<>"","Allocated","Available")
A56: T | B56: 5 | C56: C | D56: 06 | E56: 2 | F56: =A56&B56&"-"&C56&E56&"-"&D56 | G56: 993 | H56: =_xlfn.XLOOKUP(G56,'All Associates'!A:A,'All Associates'!B:B) | I56: =_xlfn.XLOOKUP(G56,'All Associates'!A:A,'All Associates'!D:D) | J56: =IF(G56<>"","Allocated","Available")
A57: T | B57: 5 | C57: C | D57: 01 | E57: 3 | F57: =A57&B57&"-"&C57&E57&"-"&D57 | G57: 880 | H57: =_xlfn.XLOOKUP(G57,'All Associates'!A:A,'All Associates'!B:B) | I57: =_xlfn.XLOOKUP(G57,'All Associates'!A:A,'All Associates'!D:D) | J57: =IF(G57<>"","Allocated","Available")
A58: T | B58: 5 | C58: C | D58: 02 | E58: 3 | F58: =A58&B58&"-"&C58&E58&"-"&D58 | G58: 1238 | H58: =_xlfn.XLOOKUP(G58,'All Associates'!A:A,'All Associates'!B:B) | I58: =_xlfn.XLOOKUP(G58,'All Associates'!A:A,'All Associates'!D:D) | J58: =IF(G58<>"","Allocated","Available")
A59: T | B59: 5 | C59: C | D59: 03 | E59: 3 | F59: =A59&B59&"-"&C59&E59&"-"&D59 | G59: 621 | H59: =_xlfn.XLOOKUP(G59,'All Associates'!A:A,'All Associates'!B:B) | I59: =_xlfn.XLOOKUP(G59,'All Associates'!A:A,'All Associates'!D:D) | J59: =IF(G59<>"","Allocated","Available")
A60: T | B60: 5 | C60: C | D60: 04 | E60: 3 | F60: =A60&B60&"-"&C60&E60&"-"&D60 | G60: 1226 | H60: =_xlfn.XLOOKUP(G60,'All Associates'!A:A,'All Associates'!B:B) | I60: =_xlfn.XLOOKUP(G60,'All Associates'!A:A,'All Associates'!D:D) | J60: =IF(G60<>"","Allocated","Available")
A61: T | B61: 5 | C61: C | D61: 05 | E61: 3 | F61: =A61&B61&"-"&C61&E61&"-"&D61 | G61: 554 | H61: =_xlfn.XLOOKUP(G61,'All Associates'!A:A,'All Associates'!B:B) | I61: =_xlfn.XLOOKUP(G61,'All Associates'!A:A,'All Associates'!D:D) | J61: =IF(G61<>"","Allocated","Available")
A62: T | B62: 5 | C62: C | D62: 06 | E62: 3 | F62: =A62&B62&"-"&C62&E62&"-"&D62 | G62: 689 | H62: =_xlfn.XLOOKUP(G62,'All Associates'!A:A,'All Associates'!B:B) | I62: =_xlfn.XLOOKUP(G62,'All Associates'!A:A,'All Associates'!D:D) | J62: =IF(G62<>"","Allocated","Available")
... A78: T | B78: 5 | C78: C | D78: 04 | E78: 6 | F78: =A78&B78&"-"&C78&E78&"-"&D78 | G78: 1069 | H78: =_xlfn.XLOOKUP(G78,'All Associates'!A:A,'All Associates'!B:B) | I78: =_xlfn.XLOOKUP(G78,'All Associates'!A:A,'All Associates'!D:D) | J78: =IF(G78<>"","Allocated","Available")
A79: T | B79: 5 | C79: C | D79: 05 | E79: 6 | F79: =A79&B79&"-"&C79&E79&"-"&D79 | H79: =_xlfn.XLOOKUP(G79,'All Associates'!A:A,'All Associates'!B:B) | I79: =_xlfn.XLOOKUP(G79,'All Associates'!A:A,'All Associates'!D:D) | J79: =IF(G79<>"","Allocated","Available")
A80: T | B80: 5 | C80: C | D80: 06 | E80: 6 | F80: =A80&B80&"-"&C80&E80&"-"&D80 | H80: =_xlfn.XLOOKUP(G80,'All Associates'!A:A,'All Associates'!B:B) | I80: =_xlfn.XLOOKUP(G80,'All Associates'!A:A,'All Associates'!D:D) | J80: =IF(G80<>"","Allocated","Available")
A81: T | B81: 5 | C81: C | D81: 01 | E81: M1 | F81: =A81&B81&"-"&C81&E81&"-"&D81 | G81: 585 | H81: =_xlfn.XLOOKUP(G81,'All Associates'!A:A,'All Associates'!B:B) | I81: =_xlfn.XLOOKUP(G81,'All Associates'!A:A,'All Associates'!D:D) | J81: =IF(G81<>"","Allocated","Available")
A82: T | B82: 5 | C82: C | D82: 01 | E82: M2 | F82: =A82&B82&"-"&C82&E82&"-"&D82 | H82: =_xlfn.XLOOKUP(G82,'All Associates'!A:A,'All Associates'!B:B) | I82: =_xlfn.XLOOKUP(G82,'All Associates'!A:A,'All Associates'!D:D) | J82: =IF(G82<>"","Allocated","Available")
A83: T | B83: 5 | C83: C | D83: 02 | E83: M2 | F83: =A83&B83&"-"&C83&E83&"-"&D83 | H83: =_xlfn.XLOOKUP(G83,'All Associates'!A:A,'All Associates'!B:B) | I83: =_xlfn.XLOOKUP(G83,'All Associates'!A:A,'All Associates'!D:D) | J83: =IF(G83<>"","Allocated","Available")
A84: T | B84: 5 | C84: D | D84: 01 | E84: 1 | F84: =A84&B84&"-"&C84&E84&"-"&D84 | G84: 934 | H84: =_xlfn.XLOOKUP(G84,'All Associates'!A:A,'All Associates'!B:B) | I84: =_xlfn.XLOOKUP(G84,'All Associates'!A:A,'All Associates'!D:D) | J84: =IF(G84<>"","Allocated","Available")
A85: T | B85: 5 | C85: D | D85: 02 | E85: 1 | F85: =A85&B85&"-"&C85&E85&"-"&D85 | G85: 618 | H85: =_xlfn.XLOOKUP(G85,'All Associates'!A:A,'All Associates'!B:B) | I85: =_xlfn.XLOOKUP(G85,'All Associates'!A:A,'All Associates'!D:D) | J85: =IF(G85<>"","Allocated","Available")
A86: T | B86: 5 | C86: D | D86: 03 | E86: 1 | F86: =A86&B86&"-"&C86&E86&"-"&D86 | G86: HW | J86: HW
A87: T | B87: 5 | C87: D | D87: 04 | E87: 1 | F87: =A87&B87&"-"&C87&E87&"-"&D87 | G87: 1026 | H87: =_xlfn.XLOOKUP(G87,'All Associates'!A:A,'All Associates'!B:B) | I87: =_xlfn.XLOOKUP(G87,'All Associates'!A:A,'All Associates'!D:D) | J87: =IF(G87<>"","Allocated","Available")
A88: T | B88: 5 | C88: D | D88: 05 | E88: 1 | F88: =A88&B88&"-"&C88&E88&"-"&D88 | G88: 2050 | H88: =_xlfn.XLOOKUP(G88,'All Associates'!A:A,'All Associates'!B:B) | I88: =_xlfn.XLOOKUP(G88,'All Associates'!A:A,'All Associates'!D:D) | J88: =IF(G88<>"","Allocated","Available")
A89: T | B89: 5 | C89: D | D89: 06 | E89: 1 | F89: =A89&B89&"-"&C89&E89&"-"&D89 | G89: 1155 | H89: =_xlfn.XLOOKUP(G89,'All Associates'!A:A,'All Associates'!B:B) | I89: =_xlfn.XLOOKUP(G89,'All Associates'!A:A,'All Associates'!D:D) | J89: =IF(G89<>"","Allocated","Available")
A90: T | B90: 5 | C90: D | D90: 01 | E90: 2 | F90: =A90&B90&"-"&C90&E90&"-"&D90 | G90: 894 | H90: =_xlfn.XLOOKUP(G90,'All Associates'!A:A,'All Associates'!B:B) | I90: =_xlfn.XLOOKUP(G90,'All Associates'!A:A,'All Associates'!D:D) | J90: =IF(G90<>"","Allocated","Available")
A91: T | B91: 5 | C91: D | D91: 02 | E91: 2 | F91: =A91&B91&"-"&C91&E91&"-"&D91 | G91: 292 | H91: =_xlfn.XLOOKUP(G91,'All Associates'!A:A,'All Associates'!B:B) | I91: =_xlfn.XLOOKUP(G91,'All Associates'!A:A,'All Associates'!D:D) | J91: =IF(G91<>"","Allocated","Available")
A92: T | B92: 5 | C92: D | D92: 03 | E92: 2 | F92: =A92&B92&"-"&C92&E92&"-"&D92 | G92: 473 | H92: =_xlfn.XLOOKUP(G92,'All Associates'!A:A,'All Associates'!B:B) | I92: =_xlfn.XLOOKUP(G92,'All Associates'!A:A,'All Associates'!D:D) | J92: =IF(G92<>"","Allocated","Available")
A93: T | B93: 5 | C93: D | D93: 04 | E93: 2 | F93: =A93&B93&"-"&C93&E93&"-"&D93 | G93: 991 | H93: =_xlfn.XLOOKUP(G93,'All Associates'!A:A,'All Associates'!B:B) | I93: =_xlfn.XLOOKUP(G93,'All Associates'!A:A,'All Associates'!D:D) | J93: =IF(G93<>"","Allocated","Available")
A94: T | B94: 5 | C94: D | D94: 05 | E94: 2 | F94: =A94&B94&"-"&C94&E94&"-"&D94 | G94: 149 | H94: =_xlfn.XLOOKUP(G94,'All Associates'!A:A,'All Associates'!B:B) | I94: =_xlfn.XLOOKUP(G94,'All Associates'!A:A,'All Associates'!D:D) | J94: =IF(G94<>"","Allocated","Available")
A95: T | B95: 5 | C95: D | D95: 06 | E95: 2 | F95: =A95&B95&"-"&C95&E95&"-"&D95 | G95: 680 | H95: =_xlfn.XLOOKUP(G95,'All Associates'!A:A,'All Associates'!B:B) | I95: =_xlfn.XLOOKUP(G95,'All Associates'!A:A,'All Associates'!D:D) | J95: =IF(G95<>"","Allocated","Available")
A96: T | B96: 5 | C96: D | D96: 01 | E96: 3 | F96: =A96&B96&"-"&C96&E96&"-"&D96 | G96: 432 | H96: =_xlfn.XLOOKUP(G96,'All Associates'!A:A,'All Associates'!B:B) | I96: =_xlfn.XLOOKUP(G96,'All Associates'!A:A,'All Associates'!D:D) | J96: =IF(G96<>"","Allocated","Available")
A97: T | B97: 5 | C97: D | D97: 02 | E97: 3 | F97: =A97&B97&"-"&C97&E97&"-"&D97 | G97: 988 | H97: =_xlfn.XLOOKUP(G97,'All Associates'!A:A,'All Associates'!B:B) | I97: =_xlfn.XLOOKUP(G97,'All Associates'!A:A,'All Associates'!D:D) | J97: =IF(G97<>"","Allocated","Available")
A98: T | B98: 5 | C98: D | D98: 03 | E98: 3 | F98: =A98&B98&"-"&C98&E98&"-"&D98 | H98: =_xlfn.XLOOKUP(G98,'All Associates'!A:A,'All Associates'!B:B) | I98: =_xlfn.XLOOKUP(G98,'All Associates'!A:A,'All Associates'!D:D) | J98: =IF(G98<>"","Allocated","Available")
A99: T | B99: 5 | C99: D | D99: 04 | E99: 3 | F99: =A99&B99&"-"&C99&E99&"-"&D99 | G99: HW | J99: HW
A100: T | B100: 5 | C100: D | D100: 05 | E100: 3 | F100: =A100&B100&"-"&C100&E100&"-"&D100 | G100: 731 | H100: =_xlfn.XLOOKUP(G100,'All Associates'!A:A,'All Associates'!B:B) | I100: =_xlfn.XLOOKUP(G100,'All Associates'!A:A,'All Associates'!D:D) | J100: =IF(G100<>"","Allocated","Available")
A101: T | B101: 5 | C101: D | D101: 06 | E101: 3 | F101: =A101&B101&"-"&C101&E101&"-"&D101 | G101: 1032 | H101: =_xlfn.XLOOKUP(G101,'All Associates'!A:A,'All Associates'!B:B) | I101: =_xlfn.XLOOKUP(G101,'All Associates'!A:A,'All Associates'!D:D) | J101: =IF(G101<>"","Allocated","Available")
A102: T | B102: 5 | C102: D | D102: 01 | E102: 4 | F102: =A102&B102&"-"&C102&E102&"-"&D102 | G102: 885 | H102: =_xlfn.XLOOKUP(G102,'All Associates'!A:A,'All Associates'!B:B) | I102: =_xlfn.XLOOKUP(G102,'All Associates'!A:A,'All Associates'!D:D) | J102: =IF(G102<>"","Allocated","Available")
A103: T | B103: 5 | C103: D | D103: 02 | E103: 4 | F103: =A103&B103&"-"&C103&E103&"-"&D103 | G103: 950 | H103: =_xlfn.XLOOKUP(G103,'All Associates'!A:A,'All Associates'!B:B) | I103: =_xlfn.XLOOKUP(G103,'All Associates'!A:A,'All Associates'!D:D) | J103: =IF(G103<>"","Allocated","Available")
A104: T | B104: 5 | C104: D | D104: 03 | E104: 4 | F104: =A104&B104&"-"&C104&E104&"-"&D104 | G104: 1246 | H104: =_xlfn.XLOOKUP(G104,'All Associates'!A:A,'All Associates'!B:B) | I104: =_xlfn.XLOOKUP(G104,'All Associates'!A:A,'All Associates'!D:D) | J104: =IF(G104<>"","Allocated","Available")
A105: T | B105: 5 | C105: D | D105: 04 | E105: 4 | F105: =A105&B105&"-"&C105&E105&"-"&D105 | G105: HW | H105: =_xlfn.XLOOKUP(G105,'All Associates'!A:A,'All Associates'!B:B) | I105: =_xlfn.XLOOKUP(G105,'All Associates'!A:A,'All Associates'!D:D) | J105: =IF(G105<>"","Allocated","Available")
A106: T | B106: 5 | C106: D | D106: 05 | E106: 4 | F106: =A106&B106&"-"&C106&E106&"-"&D106 | H106: =_xlfn.XLOOKUP(G106,'All Associates'!A:A,'All Associates'!B:B) | I106: =_xlfn.XLOOKUP(G106,'All Associates'!A:A,'All Associates'!D:D) | J106: =IF(G106<>"","Allocated","Available")
A107: T | B107: 5 | C107: D | D107: 06 | E107: 4 | F107: =A107&B107&"-"&C107&E107&"-"&D107 | G107: 2051 | H107: =_xlfn.XLOOKUP(G107,'All Associates'!A:A,'All Associates'!B:B) | I107: =_xlfn.XLOOKUP(G107,'All Associates'!A:A,'All Associates'!D:D) | J107: HW

Sheet Tower_6
A1: Building | B1: Floor | C1: Area | D1: Desk Number | E1: Row | F1: Desk number | G1: Associate Staff ID - INPUT | H1: Associate Name | I1: 1st line Supervisor | J1: Desk Status | M1: Floor Plan | O1: Temporar
A2: T | B2: 6 | C2: A | D2: 01 | E2: 1 | F2: =A2&B2&"-"&C2&E2&"-"&D2 | G2: 613 | H2: =_xlfn.XLOOKUP(G2,'All Associates'!A:A,'All Associates'!B:B) | I2: =_xlfn.XLOOKUP(G2,'All Associates'!A:A,'All Associates'!D:D) | J2: =IF(G2<>"","Allocated","Available")
A3: T | B3: 6 | C3: A | D3: 02 | E3: 1 | F3: =A3&B3&"-"&C3&E3&"-"&D3 | G3: 728 | H3: =_xlfn.XLOOKUP(G3,'All Associates'!A:A,'All Associates'!B:B) | I3: =_xlfn.XLOOKUP(G3,'All Associates'!A:A,'All Associates'!D:D) | J3: =IF(G3<>"","Allocated","Available")
A4: T | B4: 6 | C4: A | D4: 03 | E4: 1 | F4: =A4&B4&"-"&C4&E4&"-"&D4 | G4: 1004 | H4: =_xlfn.XLOOKUP(G4,'All Associates'!A:A,'All Associates'!B:B) | I4: =_xlfn.XLOOKUP(G4,'All Associates'!A:A,'All Associates'!D:D) | J4: =IF(G4<>"","Allocated","Available")
A5: T | B5: 6 | C5: A | D5: 04 | E5: 1 | F5: =A5&B5&"-"&C5&E5&"-"&D5 | G5: 908 | H5: =_xlfn.XLOOKUP(G5,'All Associates'!A:A,'All Associates'!B:B) | I5: =_xlfn.XLOOKUP(G5,'All Associates'!A:A,'All Associates'!D:D) | J5: =IF(G5<>"","Allocated","Available")
A6: T | B6: 6 | C6: A | D6: 05 | E6: 1 | F6: =A6&B6&"-"&C6&E6&"-"&D6 | G6: 955 | H6: =_xlfn.XLOOKUP(G6,'All Associates'!A:A,'All Associates'!B:B) | I6: =_xlfn.XLOOKUP(G6,'All Associates'!A:A,'All Associates'!D:D) | J6: =IF(G6<>"","Allocated","Available")
A7: T | B7: 6 | C7: A | D7: 06 | E7: 1 | F7: =A7&B7&"-"&C7&E7&"-"&D7 | G7: 1025 | H7: =_xlfn.XLOOKUP(G7,'All Associates'!A:A,'All Associates'!B:B) | I7: =_xlfn.XLOOKUP(G7,'All Associates'!A:A,'All Associates'!D:D) | J7: =IF(G7<>"","Allocated","Available")
A8: T | B8: 6 | C8: A | D8: 07 | E8: 1 | F8: =A8&B8&"-"&C8&E8&"-"&D8 | G8: 1007 | H8: =_xlfn.XLOOKUP(G8,'All Associates'!A:A,'All Associates'!B:B) | I8: =_xlfn.XLOOKUP(G8,'All Associates'!A:A,'All Associates'!D:D) | J8: =IF(G8<>"","Allocated","Available")
A9: T | B9: 6 | C9: A | D9: 08 | E9: 1 | F9: =A9&B9&"-"&C9&E9&"-"&D9 | G9: 1071 | H9: =_xlfn.XLOOKUP(G9,'All Associates'!A:A,'All Associates'!B:B) | I9: =_xlfn.XLOOKUP(G9,'All Associates'!A:A,'All Associates'!D:D) | J9: =IF(G9<>"","Allocated","Available")
A10: T | B10: 6 | C10: A | D10: 01 | E10: 2 | F10: =A10&B10&"-"&C10&E10&"-"&D10 | G10: 984 | H10: =_xlfn.XLOOKUP(G10,'All Associates'!A:A,'All Associates'!B:B) | I10: =_xlfn.XLOOKUP(G10,'All Associates'!A:A,'All Associates'!D:D) | J10: =IF(G10<>"","Allocated","Available")
A11: T | B11: 6 | C11: A | D11: 02 | E11: 2 | F11: =A11&B11&"-"&C11&E11&"-"&D11 | G11: 509 | H11: =_xlfn.XLOOKUP(G11,'All Associates'!A:A,'All Associates'!B:B) | I11: =_xlfn.XLOOKUP(G11,'All Associates'!A:A,'All Associates'!D:D) | J11: =IF(G11<>"","Allocated","Available")
A12: T | B12: 6 | C12: A | D12: 03 | E12: 2 | F12: =A12&B12&"-"&C12&E12&"-"&D12 | G12: 947 | H12: =_xlfn.XLOOKUP(G12,'All Associates'!A:A,'All Associates'!B:B) | I12: =_xlfn.XLOOKUP(G12,'All Associates'!A:A,'All Associates'!D:D) | J12: =IF(G12<>"","Allocated","Available")
A13: T | B13: 6 | C13: A | D13: 04 | E13: 2 | F13: =A13&B13&"-"&C13&E13&"-"&D13 | G13: 1164 | H13: =_xlfn.XLOOKUP(G13,'All Associates'!A:A,'All Associates'!B:B) | I13: =_xlfn.XLOOKUP(G13,'All Associates'!A:A,'All Associates'!D:D) | J13: =IF(G13<>"","Allocated","Available")
... A25: T | B25: 6 | C25: A | D25: 08 | E25: 3 | F25: =A25&B25&"-"&C25&E25&"-"&D25 | G25: 802 | H25: =_xlfn.XLOOKUP(G25,'All Associates'!A:A,'All Associates'!B:B) | I25: =_xlfn.XLOOKUP(G25,'All Associates'!A:A,'All Associates'!D:D) | J25: =IF(G25<>"","Allocated","Available")
A26: T | B26: 6 | C26: A | D26: 03 | E26: M | F26: =A26&B26&"-"&C26&E26&"-"&D26 | G26: 644 | H26: =_xlfn.XLOOKUP(G26,'All Associates'!A:A,'All Associates'!B:B) | I26: =_xlfn.XLOOKUP(G26,'All Associates'!A:A,'All Associates'!D:D) | J26: =IF(G26<>"","Allocated","Available")
A27: T | B27: 6 | C27: A | D27: 01 | E27: 4 | F27: =A27&B27&"-"&C27&E27&"-"&D27 | G27: 1085 | H27: =_xlfn.XLOOKUP(G27,'All Associates'!A:A,'All Associates'!B:B) | I27: =_xlfn.XLOOKUP(G27,'All Associates'!A:A,'All Associates'!D:D) | J27: =IF(G27<>"","Allocated","Available")
A28: T | B28: 6 | C28: A | D28: 02 | E28: 4 | F28: =A28&B28&"-"&C28&E28&"-"&D28 | G28: 2037 | H28: =_xlfn.XLOOKUP(G28,'All Associates'!A:A,'All Associates'!B:B) | I28: =_xlfn.XLOOKUP(G28,'All Associates'!A:A,'All Associates'!D:D) | J28: =IF(G28<>"","Allocated","Available")
A29: T | B29: 6 | C29: A | D29: 03 | E29: 4 | F29: =A29&B29&"-"&C29&E29&"-"&D29 | G29: 2059 | H29: =_xlfn.XLOOKUP(G29,'All Associates'!A:A,'All Associates'!B:B) | I29: =_xlfn.XLOOKUP(G29,'All Associates'!A:A,'All Associates'!D:D) | J29: =IF(G29<>"","Allocated","Available")
A30: T | B30: 6 | C30: A | D30: 04 | E30: 4 | F30: =A30&B30&"-"&C30&E30&"-"&D30 | G30: 2041 | H30: =_xlfn.XLOOKUP(G30,'All Associates'!A:A,'All Associates'!B:B) | I30: =_xlfn.XLOOKUP(G30,'All Associates'!A:A,'All Associates'!D:D) | J30: =IF(G30<>"","Allocated","Available")
A31: T | B31: 6 | C31: A | D31: 05 | E31: 4 | F31: =A31&B31&"-"&C31&E31&"-"&D31 | G31: 2016 | H31: =_xlfn.XLOOKUP(G31,'All Associates'!A:A,'All Associates'!B:B) | I31: =_xlfn.XLOOKUP(G31,'All Associates'!A:A,'All Associates'!D:D) | J31: =IF(G31<>"","Allocated","Available")
A32: T | B32: 6 | C32: A | D32: 06 | E32: 4 | F32: =A32&B32&"-"&C32&E32&"-"&D32 | G32: 2039 | H32: =_xlfn.XLOOKUP(G32,'All Associates'!A:A,'All Associates'!B:B) | I32: =_xlfn.XLOOKUP(G32,'All Associates'!A:A,'All Associates'!D:D) | J32: =IF(G32<>"","Allocated","Available")
A33: T | B33: 6 | C33: B | D33: 01 | E33: 1 | F33: =A33&B33&"-"&C33&E33&"-"&D33 | G33: 651 | H33: =_xlfn.XLOOKUP(G33,'All Associates'!A:A,'All Associates'!B:B) | I33: =_xlfn.XLOOKUP(G33,'All Associates'!A:A,'All Associates'!D:D) | J33: =IF(G33<>"","Allocated","Available")
A34: T | B34: 6 | C34: B | D34: 02 | E34: 1 | F34: =A34&B34&"-"&C34&E34&"-"&D34 | G34: 536 | H34: =_xlfn.XLOOKUP(G34,'All Associates'!A:A,'All Associates'!B:B) | I34: =_xlfn.XLOOKUP(G34,'All Associates'!A:A,'All Associates'!D:D) | J34: =IF(G34<>"","Allocated","Available")
A35: T | B35: 6 | C35: B | D35: 03 | E35: 1 | F35: =A35&B35&"-"&C35&E35&"-"&D35 | G35: 1020 | H35: =_xlfn.XLOOKUP(G35,'All Associates'!A:A,'All Associates'!B:B) | I35: =_xlfn.XLOOKUP(G35,'All Associates'!A:A,'All Associates'!D:D) | J35: =IF(G35<>"","Allocated","Available")
A36: T | B36: 6 | C36: B | D36: 04 | E36: 1 | F36: =A36&B36&"-"&C36&E36&"-"&D36 | G36: 1102 | H36: =_xlfn.XLOOKUP(G36,'All Associates'!A:A,'All Associates'!B:B) | I36: =_xlfn.XLOOKUP(G36,'All Associates'!A:A,'All Associates'!D:D) | J36: =IF(G36<>"","Allocated","Available")
A37: T | B37: 6 | C37: B | D37: 05 | E37: 1 | F37: =A37&B37&"-"&C37&E37&"-"&D37 | G37: 1011 | H37: =_xlfn.XLOOKUP(G37,'All Associates'!A:A,'All Associates'!B:B) | I37: =_xlfn.XLOOKUP(G37,'All Associates'!A:A,'All Associates'!D:D) | J37: =IF(G37<>"","Allocated","Available")
A38: T | B38: 6 | C38: B | D38: 01 | E38: 2 | F38: =A38&B38&"-"&C38&E38&"-"&D38 | G38: 445 | H38: =_xlfn.XLOOKUP(G38,'All Associates'!A:A,'All Associates'!B:B) | I38: =_xlfn.XLOOKUP(G38,'All Associates'!A:A,'All Associates'!D:D) | J38: =IF(G38<>"","Allocated","Available")
... A41: T | B41: 6 | C41: B | D41: 04 | E41: 2 | F41: =A41&B41&"-"&C41&E41&"-"&D41 | G41: 907 | H41: =_xlfn.XLOOKUP(G41,'All Associates'!A:A,'All Associates'!B:B) | I41: =_xlfn.XLOOKUP(G41,'All Associates'!A:A,'All Associates'!D:D) | J41: =IF(G41<>"","Allocated","Available")
A42: T | B42: 6 | C42: B | D42: 05 | E42: 2 | F42: =A42&B42&"-"&C42&E42&"-"&D42 | H42: =_xlfn.XLOOKUP(G42,'All Associates'!A:A,'All Associates'!B:B) | I42: =_xlfn.XLOOKUP(G42,'All Associates'!A:A,'All Associates'!D:D) | J42: =IF(G42<>"","Allocated","Available")
A43: T | B43: 6 | C43: B | D43: 06 | E43: 2 | F43: =A43&B43&"-"&C43&E43&"-"&D43 | G43: 1006 | H43: =_xlfn.XLOOKUP(G43,'All Associates'!A:A,'All Associates'!B:B) | I43: =_xlfn.XLOOKUP(G43,'All Associates'!A:A,'All Associates'!D:D) | J43: =IF(G43<>"","Allocated","Available")
A44: T | B44: 6 | C44: C | D44: 01 | E44: 1 | F44: =A44&B44&"-"&C44&E44&"-"&D44 | G44: 309 | H44: =_xlfn.XLOOKUP(G44,'All Associates'!A:A,'All Associates'!B:B) | I44: =_xlfn.XLOOKUP(G44,'All Associates'!A:A,'All Associates'!D:D) | J44: =IF(G44<>"","Allocated","Available")
A45: T | B45: 6 | C45: C | D45: 02 | E45: 1 | F45: =A45&B45&"-"&C45&E45&"-"&D45 | G45: 730 | H45: =_xlfn.XLOOKUP(G45,'All Associates'!A:A,'All Associates'!B:B) | I45: =_xlfn.XLOOKUP(G45,'All Associates'!A:A,'All Associates'!D:D) | J45: =IF(G45<>"","Allocated","Available")
A46: T | B46: 6 | C46: C | D46: 03 | E46: 1 | F46: =A46&B46&"-"&C46&E46&"-"&D46 | G46: 718 | H46: =_xlfn.XLOOKUP(G46,'All Associates'!A:A,'All Associates'!B:B) | I46: =_xlfn.XLOOKUP(G46,'All Associates'!A:A,'All Associates'!D:D) | J46: =IF(G46<>"","Allocated","Available")
A47: T | B47: 6 | C47: C | D47: 04 | E47: 1 | F47: =A47&B47&"-"&C47&E47&"-"&D47 | G47: 1063 | H47: =_xlfn.XLOOKUP(G47,'All Associates'!A:A,'All Associates'!B:B) | I47: =_xlfn.XLOOKUP(G47,'All Associates'!A:A,'All Associates'!D:D) | J47: =IF(G47<>"","Allocated","Available")
A48: T | B48: 6 | C48: C | D48: 05 | E48: 1 | F48: =A48&B48&"-"&C48&E48&"-"&D48 | G48: 1218 | H48: =_xlfn.XLOOKUP(G48,'All Associates'!A:A,'All Associates'!B:B) | I48: =_xlfn.XLOOKUP(G48,'All Associates'!A:A,'All Associates'!D:D) | J48: =IF(G48<>"","Allocated","Available")
A49: T | B49: 6 | C49: C | D49: 06 | E49: 1 | F49: =A49&B49&"-"&C49&E49&"-"&D49 | G49: 1221 | H49: =_xlfn.XLOOKUP(G49,'All Associates'!A:A,'All Associates'!B:B) | I49: =_xlfn.XLOOKUP(G49,'All Associates'!A:A,'All Associates'!D:D) | J49: =IF(G49<>"","Allocated","Available")
A50: T | B50: 6 | C50: C | D50: 07 | E50: 1 | F50: =A50&B50&"-"&C50&E50&"-"&D50 | G50: 1223 | H50: =_xlfn.XLOOKUP(G50,'All Associates'!A:A,'All Associates'!B:B) | I50: =_xlfn.XLOOKUP(G50,'All Associates'!A:A,'All Associates'!D:D) | J50: =IF(G50<>"","Allocated","Available")
A51: T | B51: 6 | C51: C | D51: 01 | E51: 2 | F51: =A51&B51&"-"&C51&E51&"-"&D51 | G51: 317 | H51: =_xlfn.XLOOKUP(G51,'All Associates'!A:A,'All Associates'!B:B) | I51: =_xlfn.XLOOKUP(G51,'All Associates'!A:A,'All Associates'!D:D) | J51: =IF(G51<>"","Allocated","Available")
A52: T | B52: 6 | C52: C | D52: 02 | E52: 2 | F52: =A52&B52&"-"&C52&E52&"-"&D52 | G52: 1186 | H52: =_xlfn.XLOOKUP(G52,'All Associates'!A:A,'All Associates'!B:B) | I52: =_xlfn.XLOOKUP(G52,'All Associates'!A:A,'All Associates'!D:D) | J52: =IF(G52<>"","Allocated","Available")
A53: T | B53: 6 | C53: C | D53: 03 | E53: 2 | F53: =A53&B53&"-"&C53&E53&"-"&D53 | G53: 826 | H53: =_xlfn.XLOOKUP(G53,'All Associates'!A:A,'All Associates'!B:B) | I53: =_xlfn.XLOOKUP(G53,'All Associates'!A:A,'All Associates'!D:D) | J53: =IF(G53<>"","Allocated","Available")
A54: T | B54: 6 | C54: C | D54: 04 | E54: 2 | F54: =A54&B54&"-"&C54&E54&"-"&D54 | G54: 571 | H54: =_xlfn.XLOOKUP(G54,'All Associates'!A:A,'All Associates'!B:B) | I54: =_xlfn.XLOOKUP(G54,'All Associates'!A:A,'All Associates'!D:D) | J54: =IF(G54<>"","Allocated","Available")
... A80: T | B80: 6 | C80: C | D80: 06 | E80: 6 | F80: =A80&B80&"-"&C80&E80&"-"&D80 | G80: 257 | H80: =_xlfn.XLOOKUP(G80,'All Associates'!A:A,'All Associates'!B:B) | I80: =_xlfn.XLOOKUP(G80,'All Associates'!A:A,'All Associates'!D:D) | J80: =IF(G80<>"","Allocated","Available")
A81: T | B81: 6 | C81: C | D81: 01 | E81: M | F81: =A81&B81&"-"&C81&E81&"-"&D81 | G81: 123 | H81: =_xlfn.XLOOKUP(G81,'All Associates'!A:A,'All Associates'!B:B) | I81: =_xlfn.XLOOKUP(G81,'All Associates'!A:A,'All Associates'!D:D) | J81: =IF(G81<>"","Allocated","Available")
A82: T | B82: 6 | C82: C | D82: 02 | E82: M | F82: =A82&B82&"-"&C82&E82&"-"&D82 | G82: 435 | H82: =_xlfn.XLOOKUP(G82,'All Associates'!A:A,'All Associates'!B:B) | I82: =_xlfn.XLOOKUP(G82,'All Associates'!A:A,'All Associates'!D:D) | J82: =IF(G82<>"","Allocated","Available")
A83: T | B83: 6 | C83: D | D83: 01 | E83: 1 | F83: =A83&B83&"-"&C83&E83&"-"&D83 | G83: 1086 | H83: =_xlfn.XLOOKUP(G83,'All Associates'!A:A,'All Associates'!B:B) | I83: =_xlfn.XLOOKUP(G83,'All Associates'!A:A,'All Associates'!D:D) | J83: =IF(G83<>"","Allocated","Available")
A84: T | B84: 6 | C84: D | D84: 02 | E84: 1 | F84: =A84&B84&"-"&C84&E84&"-"&D84 | G84: 1072 | H84: =_xlfn.XLOOKUP(G84,'All Associates'!A:A,'All Associates'!B:B) | I84: =_xlfn.XLOOKUP(G84,'All Associates'!A:A,'All Associates'!D:D) | J84: =IF(G84<>"","Allocated","Available")
A85: T | B85: 6 | C85: D | D85: 05 | E85: 2 | F85: =A85&B85&"-"&C85&E85&"-"&D85 | G85: 1224 | H85: =_xlfn.XLOOKUP(G85,'All Associates'!A:A,'All Associates'!B:B) | I85: =_xlfn.XLOOKUP(G85,'All Associates'!A:A,'All Associates'!D:D) | J85: =IF(G85<>"","Allocated","Available")
A86: T | B86: 6 | C86: D | D86: 04 | E86: 1 | F86: =A86&B86&"-"&C86&E86&"-"&D86 | G86: 1159 | H86: =_xlfn.XLOOKUP(G86,'All Associates'!A:A,'All Associates'!B:B) | I86: =_xlfn.XLOOKUP(G86,'All Associates'!A:A,'All Associates'!D:D) | J86: =IF(G86<>"","Allocated","Available")
A87: T | B87: 6 | C87: D | D87: 05 | E87: 1 | F87: =A87&B87&"-"&C87&E87&"-"&D87 | G87: 1163 | H87: =_xlfn.XLOOKUP(G87,'All Associates'!A:A,'All Associates'!B:B) | I87: =_xlfn.XLOOKUP(G87,'All Associates'!A:A,'All Associates'!D:D) | J87: =IF(G87<>"","Allocated","Available")
A88: T | B88: 6 | C88: D | D88: 06 | E88: 1 | F88: =A88&B88&"-"&C88&E88&"-"&D88 | G88: 2002 | H88: =_xlfn.XLOOKUP(G88,'All Associates'!A:A,'All Associates'!B:B) | I88: =_xlfn.XLOOKUP(G88,'All Associates'!A:A,'All Associates'!D:D) | J88: =IF(G88<>"","Allocated","Available")
A89: T | B89: 6 | C89: D | D89: 01 | E89: 2 | F89: =A89&B89&"-"&C89&E89&"-"&D89 | G89: 1033 | H89: =_xlfn.XLOOKUP(G89,'All Associates'!A:A,'All Associates'!B:B) | I89: =_xlfn.XLOOKUP(G89,'All Associates'!A:A,'All Associates'!D:D) | J89: =IF(G89<>"","Allocated","Available")
A90: T | B90: 6 | C90: D | D90: 02 | E90: 2 | F90: =A90&B90&"-"&C90&E90&"-"&D90 | G90: 761 | H90: =_xlfn.XLOOKUP(G90,'All Associates'!A:A,'All Associates'!B:B) | I90: =_xlfn.XLOOKUP(G90,'All Associates'!A:A,'All Associates'!D:D) | J90: =IF(G90<>"","Allocated","Available")
A91: T | B91: 6 | C91: D | D91: 03 | E91: 2 | F91: =A91&B91&"-"&C91&E91&"-"&D91 | H91: =_xlfn.XLOOKUP(G91,'All Associates'!A:A,'All Associates'!B:B) | I91: =_xlfn.XLOOKUP(G91,'All Associates'!A:A,'All Associates'!D:D) | J91: =IF(G91<>"","Allocated","Available")
A92: T | B92: 6 | C92: D | D92: 04 | E92: 2 | F92: =A92&B92&"-"&C92&E92&"-"&D92 | G92: 1090 | H92: =_xlfn.XLOOKUP(G92,'All Associates'!A:A,'All Associates'!B:B) | I92: =_xlfn.XLOOKUP(G92,'All Associates'!A:A,'All Associates'!D:D) | J92: =IF(G92<>"","Allocated","Available")
A93: T | B93: 6 | C93: D | D93: 03 | E93: 1 | F93: =A93&B93&"-"&C93&E93&"-"&D93 | G93: 1049 | H93: =_xlfn.XLOOKUP(G93,'All Associates'!A:A,'All Associates'!B:B) | I93: =_xlfn.XLOOKUP(G93,'All Associates'!A:A,'All Associates'!D:D) | J93: =IF(G93<>"","Allocated","Available")
A94: T | B94: 6 | C94: D | D94: 06 | E94: 2 | F94: =A94&B94&"-"&C94&E94&"-"&D94 | G94: 1225 | H94: =_xlfn.XLOOKUP(G94,'All Associates'!A:A,'All Associates'!B:B) | I94: =_xlfn.XLOOKUP(G94,'All Associates'!A:A,'All Associates'!D:D) | J94: =IF(G94<>"","Allocated","Available")
A95: T | B95: 6 | C95: D | D95: 01 | E95: 3 | F95: =A95&B95&"-"&C95&E95&"-"&D95 | G95: 818 | H95: =_xlfn.XLOOKUP(G95,'All Associates'!A:A,'All Associates'!B:B) | I95: =_xlfn.XLOOKUP(G95,'All Associates'!A:A,'All Associates'!D:D) | J95: =IF(G95<>"","Allocated","Available")
A96: T | B96: 6 | C96: D | D96: 02 | E96: 3 | F96: =A96&B96&"-"&C96&E96&"-"&D96 | G96: 995 | H96: =_xlfn.XLOOKUP(G96,'All Associates'!A:A,'All Associates'!B:B) | I96: =_xlfn.XLOOKUP(G96,'All Associates'!A:A,'All Associates'!D:D) | J96: =IF(G96<>"","Allocated","Available")
A97: T | B97: 6 | C97: D | D97: 03 | E97: 3 | F97: =A97&B97&"-"&C97&E97&"-"&D97 | G97: 850 | H97: =_xlfn.XLOOKUP(G97,'All Associates'!A:A,'All Associates'!B:B) | I97: =_xlfn.XLOOKUP(G97,'All Associates'!A:A,'All Associates'!D:D) | J97: =IF(G97<>"","Allocated","Available")
A98: T | B98: 6 | C98: D | D98: 04 | E98: 3 | F98: =A98&B98&"-"&C98&E98&"-"&D98 | H98: =_xlfn.XLOOKUP(G98,'All Associates'!A:A,'All Associates'!B:B) | I98: =_xlfn.XLOOKUP(G98,'All Associates'!A:A,'All Associates'!D:D) | J98: =IF(G98<>"","Allocated","Available")
A99: T | B99: 6 | C99: D | D99: 05 | E99: 3 | F99: =A99&B99&"-"&C99&E99&"-"&D99 | G99: 89 | H99: =_xlfn.XLOOKUP(G99,'All Associates'!A:A,'All Associates'!B:B) | I99: =_xlfn.XLOOKUP(G99,'All Associates'!A:A,'All Associates'!D:D) | J99: =IF(G99<>"","Allocated","Available")
A100: T | B100: 6 | C100: D | D100: 06 | E100: 3 | F100: =A100&B100&"-"&C100&E100&"-"&D100 | G100: 1212 | H100: =_xlfn.XLOOKUP(G100,'All Associates'!A:A,'All Associates'!B:B) | I100: =_xlfn.XLOOKUP(G100,'All Associates'!A:A,'All Associates'!D:D) | J100: =IF(G100<>"","Allocated","Available")
A101: T | B101: 6 | C101: D | D101: 01 | E101: 4 | F101: =A101&B101&"-"&C101&E101&"-"&D101 | G101: 1171 | H101: =_xlfn.XLOOKUP(G101,'All Associates'!A:A,'All Associates'!B:B) | I101: =_xlfn.XLOOKUP(G101,'All Associates'!A:A,'All Associates'!D:D) | J101: =IF(G101<>"","Allocated","Available")
A102: T | B102: 6 | C102: D | D102: 02 | E102: 4 | F102: =A102&B102&"-"&C102&E102&"-"&D102 | G102: 1084 | H102: =_xlfn.XLOOKUP(G102,'All Associates'!A:A,'All Associates'!B:B) | I102: =_xlfn.XLOOKUP(G102,'All Associates'!A:A,'All Associates'!D:D) | J102: =IF(G102<>"","Allocated","Available")
A103: T | B103: 6 | C103: D | D103: 03 | E103: 4 | F103: =A103&B103&"-"&C103&E103&"-"&D103 | G103: 1107 | H103: =_xlfn.XLOOKUP(G103,'All Associates'!A:A,'All Associates'!B:B) | I103: =_xlfn.XLOOKUP(G103,'All Associates'!A:A,'All Associates'!D:D) | J103: =IF(G103<>"","Allocated","Available")
A104: T | B104: 6 | C104: D | D104: 04 | E104: 4 | F104: =A104&B104&"-"&C104&E104&"-"&D104 | G104: 1125 | H104: =_xlfn.XLOOKUP(G104,'All Associates'!A:A,'All Associates'!B:B) | I104: =_xlfn.XLOOKUP(G104,'All Associates'!A:A,'All Associates'!D:D) | J104: =IF(G104<>"","Allocated","Available")
A105: T | B105: 6 | C105: D | D105: 05 | E105: 4 | F105: =A105&B105&"-"&C105&E105&"-"&D105 | G105: 475 | H105: =_xlfn.XLOOKUP(G105,'All Associates'!A:A,'All Associates'!B:B) | I105: =_xlfn.XLOOKUP(G105,'All Associates'!A:A,'All Associates'!D:D) | J105: =IF(G105<>"","Allocated","Available")
A106: T | B106: 6 | C106: D | D106: 06 | E106: 4 | F106: =A106&B106&"-"&C106&E106&"-"&D106 | G106: 1105 | H106: =_xlfn.XLOOKUP(G106,'All Associates'!A:A,'All Associates'!B:B) | I106: =_xlfn.XLOOKUP(G106,'All Associates'!A:A,'All Associates'!D:D) | J106: =IF(G106<>"","Allocated","Available")

Sheet Riviera_3
A1: Building | B1: Floor | C1: Area | D1: Desk Number | E1: Row | F1: Desk number | G1: Associate Staff ID - INPUT | H1: Associate Name | I1: 1st line Supervisor | J1: Desk Status | M1: Floor Plan
A2: R | B2: 3 | C2: E | D2: 01 | E2: 1 | F2: =A2&B2&"-"&C2&E2&"-"&D2 | G2: 186 | H2: =_xlfn.XLOOKUP(G2,'All Associates'!A:A,'All Associates'!B:B) | I2: =_xlfn.XLOOKUP(G2,'All Associates'!A:A,'All Associates'!D:D) | J2: =IF(G2<>"","Allocated","Available")
A3: R | B3: 3 | C3: E | D3: 02 | E3: 1 | F3: =A3&B3&"-"&C3&E3&"-"&D3 | H3: =_xlfn.XLOOKUP(G3,'All Associates'!A:A,'All Associates'!B:B) | I3: =_xlfn.XLOOKUP(G3,'All Associates'!A:A,'All Associates'!D:D) | J3: =IF(G3<>"","Allocated","Available")
A4: R | B4: 3 | C4: E | D4: 02 | E4: 1 | F4: =A4&B4&"-"&C4&E4&"-"&D4 | G4: 875 | H4: =_xlfn.XLOOKUP(G4,'All Associates'!A:A,'All Associates'!B:B) | I4: =_xlfn.XLOOKUP(G4,'All Associates'!A:A,'All Associates'!D:D) | J4: =IF(G4<>"","Allocated","Available")
A5: R | B5: 3 | C5: E | D5: 03 | E5: 1 | F5: =A5&B5&"-"&C5&E5&"-"&D5 | G5: 200 | H5: =_xlfn.XLOOKUP(G5,'All Associates'!A:A,'All Associates'!B:B) | I5: =_xlfn.XLOOKUP(G5,'All Associates'!A:A,'All Associates'!D:D) | J5: =IF(G5<>"","Allocated","Available")
A6: R | B6: 3 | C6: E | D6: 04 | E6: 1 | F6: =A6&B6&"-"&C6&E6&"-"&D6 | G6: 1231 | H6: =_xlfn.XLOOKUP(G6,'All Associates'!A:A,'All Associates'!B:B) | I6: =_xlfn.XLOOKUP(G6,'All Associates'!A:A,'All Associates'!D:D) | J6: =IF(G6<>"","Allocated","Available")
A7: R | B7: 3 | C7: E | D7: 05 | E7: 1 | F7: =A7&B7&"-"&C7&E7&"-"&D7 | G7: 2003 | H7: =_xlfn.XLOOKUP(G7,'All Associates'!A:A,'All Associates'!B:B) | I7: =_xlfn.XLOOKUP(G7,'All Associates'!A:A,'All Associates'!D:D) | J7: =IF(G7<>"","Allocated","Available")
A8: R | B8: 3 | C8: E | D8: 01 | E8: 2 | F8: =A8&B8&"-"&C8&E8&"-"&D8 | G8: 829 | H8: =_xlfn.XLOOKUP(G8,'All Associates'!A:A,'All Associates'!B:B) | I8: =_xlfn.XLOOKUP(G8,'All Associates'!A:A,'All Associates'!D:D) | J8: =IF(G8<>"","Allocated","Available")
A9: R | B9: 3 | C9: E | D9: 02 | E9: 2 | F9: =A9&B9&"-"&C9&E9&"-"&D9 | G9: 1109 | H9: =_xlfn.XLOOKUP(G9,'All Associates'!A:A,'All Associates'!B:B) | I9: =_xlfn.XLOOKUP(G9,'All Associates'!A:A,'All Associates'!D:D) | J9: =IF(G9<>"","Allocated","Available")
A10: R | B10: 3 | C10: E | D10: 03 | E10: 2 | F10: =A10&B10&"-"&C10&E10&"-"&D10 | G10: 971 | H10: =_xlfn.XLOOKUP(G10,'All Associates'!A:A,'All Associates'!B:B) | I10: =_xlfn.XLOOKUP(G10,'All Associates'!A:A,'All Associates'!D:D) | J10: =IF(G10<>"","Allocated","Available")
A11: R | B11: 3 | C11: E | D11: 04 | E11: 2 | F11: =A11&B11&"-"&C11&E11&"-"&D11 | G11: 267 | H11: =_xlfn.XLOOKUP(G11,'All Associates'!A:A,'All Associates'!B:B) | I11: =_xlfn.XLOOKUP(G11,'All Associates'!A:A,'All Associates'!D:D) | J11: =IF(G11<>"","Allocated","Available")
A12: R | B12: 3 | C12: E | D12: 05 | E12: 2 | F12: =A12&B12&"-"&C12&E12&"-"&D12 | G12: 690 | H12: =_xlfn.XLOOKUP(G12,'All Associates'!A:A,'All Associates'!B:B) | I12: =_xlfn.XLOOKUP(G12,'All Associates'!A:A,'All Associates'!D:D) | J12: =IF(G12<>"","Allocated","Available")
A13: R | B13: 3 | C13: E | D13: 06 | E13: 2 | F13: =A13&B13&"-"&C13&E13&"-"&D13 | G13: 2056 | H13: =_xlfn.XLOOKUP(G13,'All Associates'!A:A,'All Associates'!B:B) | I13: =_xlfn.XLOOKUP(G13,'All Associates'!A:A,'All Associates'!D:D) | J13: =IF(G13<>"","Allocated","Available")
A14: R | B14: 3 | C14: E | D14: 01 | E14: 3 | F14: =A14&B14&"-"&C14&E14&"-"&D14 | G14: 576 | H14: =_xlfn.XLOOKUP(G14,'All Associates'!A:A,'All Associates'!B:B) | I14: =_xlfn.XLOOKUP(G14,'All Associates'!A:A,'All Associates'!D:D) | J14: =IF(G14<>"","Allocated","Available")
A15: R | B15: 3 | C15: E | D15: 02 | E15: 3 | F15: =A15&B15&"-"&C15&E15&"-"&D15 | G15: 196 | H15: =_xlfn.XLOOKUP(G15,'All Associates'!A:A,'All Associates'!B:B) | I15: =_xlfn.XLOOKUP(G15,'All Associates'!A:A,'All Associates'!D:D) | J15: =IF(G15<>"","Allocated","Available")
... A19: R | B19: 3 | C19: E | D19: 06 | E19: 3 | F19: =A19&B19&"-"&C19&E19&"-"&D19 | G19: 2052 | H19: =_xlfn.XLOOKUP(G19,'All Associates'!A:A,'All Associates'!B:B) | I19: =_xlfn.XLOOKUP(G19,'All Associates'!A:A,'All Associates'!D:D) | J19: =IF(G19<>"","Allocated","Available")
A20: R | B20: 3 | C20: E | D20: 07 | E20: 3 | F20: =A20&B20&"-"&C20&E20&"-"&D20 | H20: =_xlfn.XLOOKUP(G20,'All Associates'!A:A,'All Associates'!B:B) | I20: =_xlfn.XLOOKUP(G20,'All Associates'!A:A,'All Associates'!D:D) | J20: =IF(G20<>"","Allocated","Available")
A21: R | B21: 3 | C21: E | D21: 08 | E21: 3 | F21: =A21&B21&"-"&C21&E21&"-"&D21 | H21: =_xlfn.XLOOKUP(G21,'All Associates'!A:A,'All Associates'!B:B) | I21: =_xlfn.XLOOKUP(G21,'All Associates'!A:A,'All Associates'!D:D) | J21: =IF(G21<>"","Allocated","Available")
A22: R | B22: 3 | C22: E | D22: 01 | E22: 4 | F22: =A22&B22&"-"&C22&E22&"-"&D22 | G22: 663 | H22: =_xlfn.XLOOKUP(G22,'All Associates'!A:A,'All Associates'!B:B) | I22: =_xlfn.XLOOKUP(G22,'All Associates'!A:A,'All Associates'!D:D) | J22: =IF(G22<>"","Allocated","Available")
A23: R | B23: 3 | C23: E | D23: 02 | E23: 4 | F23: =A23&B23&"-"&C23&E23&"-"&D23 | G23: 675 | H23: =_xlfn.XLOOKUP(G23,'All Associates'!A:A,'All Associates'!B:B) | I23: =_xlfn.XLOOKUP(G23,'All Associates'!A:A,'All Associates'!D:D) | J23: =IF(G23<>"","Allocated","Available")
A24: R | B24: 3 | C24: E | D24: 03 | E24: 4 | F24: =A24&B24&"-"&C24&E24&"-"&D24 | G24: 610 | H24: =_xlfn.XLOOKUP(G24,'All Associates'!A:A,'All Associates'!B:B) | I24: =_xlfn.XLOOKUP(G24,'All Associates'!A:A,'All Associates'!D:D) | J24: =IF(G24<>"","Allocated","Available")
A25: R | B25: 3 | C25: E | D25: 04 | E25: 4 | F25: =A25&B25&"-"&C25&E25&"-"&D25 | G25: 809 | H25: =_xlfn.XLOOKUP(G25,'All Associates'!A:A,'All Associates'!B:B) | I25: =_xlfn.XLOOKUP(G25,'All Associates'!A:A,'All Associates'!D:D) | J25: =IF(G25<>"","Allocated","Available")
A26: R | B26: 3 | C26: E | D26: 05 | E26: 4 | F26: =A26&B26&"-"&C26&E26&"-"&D26 | G26: 960 | H26: =_xlfn.XLOOKUP(G26,'All Associates'!A:A,'All Associates'!B:B) | I26: =_xlfn.XLOOKUP(G26,'All Associates'!A:A,'All Associates'!D:D) | J26: =IF(G26<>"","Allocated","Available")
A27: R | B27: 3 | C27: E | D27: 06 | E27: 4 | F27: =A27&B27&"-"&C27&E27&"-"&D27 | G27: 933 | H27: =_xlfn.XLOOKUP(G27,'All Associates'!A:A,'All Associates'!B:B) | I27: =_xlfn.XLOOKUP(G27,'All Associates'!A:A,'All Associates'!D:D) | J27: =IF(G27<>"","Allocated","Available")
A28: R | B28: 3 | C28: F | D28: 01 | E28: 1 | F28: =A28&B28&"-"&C28&E28&"-"&D28 | G28: HW | J28: HW
A29: R | B29: 3 | C29: F | D29: 02 | E29: 1 | F29: =A29&B29&"-"&C29&E29&"-"&D29 | G29: HW | J29: HW
A30: R | B30: 3 | C30: F | D30: 03 | E30: 1 | F30: =A30&B30&"-"&C30&E30&"-"&D30 | G30: HW | J30: HW
A31: R | B31: 3 | C31: F | D31: 01 | E31: 2 | F31: =A31&B31&"-"&C31&E31&"-"&D31 | G31: HW | J31: HW
A32: R | B32: 3 | C32: F | D32: 02 | E32: 2 | F32: =A32&B32&"-"&C32&E32&"-"&D32 | G32: 50 | H32: =_xlfn.XLOOKUP(G32,'All Associates'!A:A,'All Associates'!B:B) | I32: =_xlfn.XLOOKUP(G32,'All Associates'!A:A,'All Associates'!D:D) | J32: =IF(G32<>"","Allocated","Available")
A33: R | B33: 3 | C33: F | D33: 03 | E33: 2 | F33: =A33&B33&"-"&C33&E33&"-"&D33 | G33: HW | J33: HW
A34: R | B34: 3 | C34: F | D34: 04 | E34: 2 | F34: =A34&B34&"-"&C34&E34&"-"&D34 | G34: HW | J34: HW
A35: R | B35: 3 | C35: F | D35: 05 | E35: 2 | F35: =A35&B35&"-"&C35&E35&"-"&D35 | G35: HW | J35: HW
A36: R | B36: 3 | C36: F | D36: 06 | E36: 2 | F36: =A36&B36&"-"&C36&E36&"-"&D36 | G36: 160 | H36: =_xlfn.XLOOKUP(G36,'All Associates'!A:A,'All Associates'!B:B) | I36: =_xlfn.XLOOKUP(G36,'All Associates'!A:A,'All Associates'!D:D) | J36: =IF(G36<>"","Allocated","Available")
A37: R | B37: 3 | C37: F | D37: 07 | E37: 2 | F37: =A37&B37&"-"&C37&E37&"-"&D37 | G37: HW | J37: HW
A38: R | B38: 3 | C38: F | D38: 08 | E38: 2 | F38: =A38&B38&"-"&C38&E38&"-"&D38 | G38: HW | J38: HW
A39: R | B39: 3 | C39: F | D39: 01 | E39: 3 | F39: =A39&B39&"-"&C39&E39&"-"&D39 | H39: =_xlfn.XLOOKUP(G39,'All Associates'!A:A,'All Associates'!B:B) | I39: =_xlfn.XLOOKUP(G39,'All Associates'!A:A,'All Associates'!D:D) | J39: =IF(G39<>"","Allocated","Available")
A40: R | B40: 3 | C40: F | D40: 02 | E40: 3 | F40: =A40&B40&"-"&C40&E40&"-"&D40 | G40: 237 | H40: =_xlfn.XLOOKUP(G40,'All Associates'!A:A,'All Associates'!B:B) | I40: =_xlfn.XLOOKUP(G40,'All Associates'!A:A,'All Associates'!D:D) | J40: =IF(G40<>"","Allocated","Available")
A41: R | B41: 3 | C41: F | D41: 03 | E41: 3 | F41: =A41&B41&"-"&C41&E41&"-"&D41 | G41: HW | J41: HW
A42: R | B42: 3 | C42: F | D42: 04 | E42: 3 | F42: =A42&B42&"-"&C42&E42&"-"&D42 | G42: HW | J42: HW
A43: R | B43: 3 | C43: F | D43: 05 | E43: 3 | F43: =A43&B43&"-"&C43&E43&"-"&D43 | G43: 566 | H43: =_xlfn.XLOOKUP(G43,'All Associates'!A:A,'All Associates'!B:B) | I43: =_xlfn.XLOOKUP(G43,'All Associates'!A:A,'All Associates'!D:D) | J43: =IF(G43<>"","Allocated","Available")
A44: R | B44: 3 | C44: F | D44: 06 | E44: 3 | F44: =A44&B44&"-"&C44&E44&"-"&D44 | G44: 913 | H44: =_xlfn.XLOOKUP(G44,'All Associates'!A:A,'All Associates'!B:B) | I44: =_xlfn.XLOOKUP(G44,'All Associates'!A:A,'All Associates'!D:D) | J44: =IF(G44<>"","Allocated","Available")
A45: R | B45: 3 | C45: F | D45: 07 | E45: 3 | F45: =A45&B45&"-"&C45&E45&"-"&D45 | G45: HW | J45: HW
A46: R | B46: 3 | C46: F | D46: 08 | E46: 3 | F46: =A46&B46&"-"&C46&E46&"-"&D46 | G46: HW | J46: HW
A47: R | B47: 3 | C47: F | D47: 01 | E47: 4 | F47: =A47&B47&"-"&C47&E47&"-"&D47 | G47: 599 | H47: =_xlfn.XLOOKUP(G47,'All Associates'!A:A,'All Associates'!B:B) | I47: =_xlfn.XLOOKUP(G47,'All Associates'!A:A,'All Associates'!D:D) | J47: =IF(G47<>"","Allocated","Available")
A48: R | B48: 3 | C48: F | D48: 02 | E48: 4 | F48: =A48&B48&"-"&C48&E48&"-"&D48 | G48: 910 | H48: =_xlfn.XLOOKUP(G48,'All Associates'!A:A,'All Associates'!B:B) | I48: =_xlfn.XLOOKUP(G48,'All Associates'!A:A,'All Associates'!D:D) | J48: =IF(G48<>"","Allocated","Available")
A49: R | B49: 3 | C49: F | D49: 03 | E49: 4 | F49: =A49&B49&"-"&C49&E49&"-"&D49 | G49: HW | J49: HW
A50: R | B50: 3 | C50: F | D50: 04 | E50: 4 | F50: =A50&B50&"-"&C50&E50&"-"&D50 | G50: HW | J50: HW
A51: R | B51: 3 | C51: F | D51: 05 | E51: 4 | F51: =A51&B51&"-"&C51&E51&"-"&D51 | G51: 870 | H51: =_xlfn.XLOOKUP(G51,'All Associates'!A:A,'All Associates'!B:B) | I51: =_xlfn.XLOOKUP(G51,'All Associates'!A:A,'All Associates'!D:D) | J51: =IF(G51<>"","Allocated","Available")
A52: R | B52: 3 | C52: F | D52: 06 | E52: 4 | F52: =A52&B52&"-"&C52&E52&"-"&D52 | G52: 2054 | H52: =_xlfn.XLOOKUP(G52,'All Associates'!A:A,'All Associates'!B:B) | I52: =_xlfn.XLOOKUP(G52,'All Associates'!A:A,'All Associates'!D:D) | J52: =IF(G52<>"","Allocated","Available")
A53: R | B53: 3 | C53: F | D53: 01 | E53: 5 | F53: =A53&B53&"-"&C53&E53&"-"&D53 | G53: 172 | H53: =_xlfn.XLOOKUP(G53,'All Associates'!A:A,'All Associates'!B:B) | I53: =_xlfn.XLOOKUP(G53,'All Associates'!A:A,'All Associates'!D:D) | J53: =IF(G53<>"","Allocated","Available")
A54: R | B54: 3 | C54: F | D54: 02 | E54: 5 | F54: =A54&B54&"-"&C54&E54&"-"&D54 | G54: 514 | H54: =_xlfn.XLOOKUP(G54,'All Associates'!A:A,'All Associates'!B:B) | I54: =_xlfn.XLOOKUP(G54,'All Associates'!A:A,'All Associates'!D:D) | J54: =IF(G54<>"","Allocated","Available")
A55: R | B55: 3 | C55: F | D55: 03 | E55: 5 | F55: =A55&B55&"-"&C55&E55&"-"&D55 | G55: HW | J55: HW
A56: R | B56: 3 | C56: F | D56: 04 | E56: 5 | F56: =A56&B56&"-"&C56&E56&"-"&D56 | G56: 729 | H56: =_xlfn.XLOOKUP(G56,'All Associates'!A:A,'All Associates'!B:B) | I56: =_xlfn.XLOOKUP(G56,'All Associates'!A:A,'All Associates'!D:D) | J56: =IF(G56<>"","Allocated","Available")
A57: R | B57: 3 | C57: F | D57: 05 | E57: 5 | F57: =A57&B57&"-"&C57&E57&"-"&D57 | G57: 779 | H57: =_xlfn.XLOOKUP(G57,'All Associates'!A:A,'All Associates'!B:B) | I57: =_xlfn.XLOOKUP(G57,'All Associates'!A:A,'All Associates'!D:D) | J57: =IF(G57<>"","Allocated","Available")
A58: R | B58: 3 | C58: F | D58: 06 | E58: 5 | F58: =A58&B58&"-"&C58&E58&"-"&D58 | G58: HW | H58: =_xlfn.XLOOKUP(G58,'All Associates'!A:A,'All Associates'!B:B) | I58: =_xlfn.XLOOKUP(G58,'All Associates'!A:A,'All Associates'!D:D) | J58: =IF(G58<>"","Allocated","Available")
A59: R | B59: 3 | C59: F | D59: 07 | E59: 5 | F59: =A59&B59&"-"&C59&E59&"-"&D59 | G59: HW | J59: HW
A60: R | B60: 3 | C60: F | D60: 08 | E60: 5 | F60: =A60&B60&"-"&C60&E60&"-"&D60 | G60: 923 | H60: =_xlfn.XLOOKUP(G60,'All Associates'!A:A,'All Associates'!B:B) | I60: =_xlfn.XLOOKUP(G60,'All Associates'!A:A,'All Associates'!D:D) | J60: =IF(G60<>"","Allocated","Available")
A61: R | B61: 3 | C61: F | D61: 01 | E61: 6 | F61: =A61&B61&"-"&C61&E61&"-"&D61 | G61: 168 | H61: =_xlfn.XLOOKUP(G61,'All Associates'!A:A,'All Associates'!B:B) | I61: =_xlfn.XLOOKUP(G61,'All Associates'!A:A,'All Associates'!D:D) | J61: =IF(G61<>"","Allocated","Available")
A62: R | B62: 3 | C62: F | D62: 02 | E62: 6 | F62: =A62&B62&"-"&C62&E62&"-"&D62 | G62: 704 | H62: =_xlfn.XLOOKUP(G62,'All Associates'!A:A,'All Associates'!B:B) | I62: =_xlfn.XLOOKUP(G62,'All Associates'!A:A,'All Associates'!D:D) | J62: =IF(G62<>"","Allocated","Available")
A63: R | B63: 3 | C63: F | D63: 03 | E63: 6 | F63: =A63&B63&"-"&C63&E63&"-"&D63 | G63: HW | J63: HW
A64: R | B64: 3 | C64: F | D64: 04 | E64: 6 | F64: =A64&B64&"-"&C64&E64&"-"&D64 | G64: HW | J64: HW
A65: R | B65: 3 | C65: F | D65: 05 | E65: 6 | F65: =A65&B65&"-"&C65&E65&"-"&D65 | G65: 468 | H65: =_xlfn.XLOOKUP(G65,'All Associates'!A:A,'All Associates'!B:B) | I65: =_xlfn.XLOOKUP(G65,'All Associates'!A:A,'All Associates'!D:D) | J65: =IF(G65<>"","Allocated","Available")
A66: R | B66: 3 | C66: F | D66: 06 | E66: 6 | F66: =A66&B66&"-"&C66&E66&"-"&D66 | G66: 942 | H66: =_xlfn.XLOOKUP(G66,'All Associates'!A:A,'All Associates'!B:B) | I66: =_xlfn.XLOOKUP(G66,'All Associates'!A:A,'All Associates'!D:D) | J66: =IF(G66<>"","Allocated","Available")
A67: R | B67: 3 | C67: F | D67: 07 | E67: 6 | F67: =A67&B67&"-"&C67&E67&"-"&D67 | G67: 65 | H67: =_xlfn.XLOOKUP(G67,'All Associates'!A:A,'All Associates'!B:B) | I67: =_xlfn.XLOOKUP(G67,'All Associates'!A:A,'All Associates'!D:D) | J67: =IF(G67<>"","Allocated","Available")
A68: R | B68: 3 | C68: F | D68: 08 | E68: 6 | F68: =A68&B68&"-"&C68&E68&"-"&D68 | H68: =_xlfn.XLOOKUP(G68,'All Associates'!A:A,'All Associates'!B:B) | I68: =_xlfn.XLOOKUP(G68,'All Associates'!A:A,'All Associates'!D:D) | J68: =IF(G68<>"","Allocated","Available")
A69: R | B69: 3 | C69: F | D69: 01 | E69: M1 | F69: =A69&B69&"-"&C69&E69&"-"&D69 | G69: 450 | H69: =_xlfn.XLOOKUP(G69,'All Associates'!A:A,'All Associates'!B:B) | I69: =_xlfn.XLOOKUP(G69,'All Associates'!A:A,'All Associates'!D:D) | J69: =IF(G69<>"","Allocated","Available")
A70: R | B70: 3 | C70: G | D70: 01 | E70: 1 | F70: =A70&B70&"-"&C70&E70&"-"&D70 | G70: 636 | H70: =_xlfn.XLOOKUP(G70,'All Associates'!A:A,'All Associates'!B:B) | I70: =_xlfn.XLOOKUP(G70,'All Associates'!A:A,'All Associates'!D:D) | J70: =IF(G70<>"","Allocated","Available")
A71: R | B71: 3 | C71: G | D71: 02 | E71: 1 | F71: =A71&B71&"-"&C71&E71&"-"&D71 | G71: 940 | H71: =_xlfn.XLOOKUP(G71,'All Associates'!A:A,'All Associates'!B:B) | I71: =_xlfn.XLOOKUP(G71,'All Associates'!A:A,'All Associates'!D:D) | J71: =IF(G71<>"","Allocated","Available")
A72: R | B72: 3 | C72: G | D72: 03 | E72: 1 | F72: =A72&B72&"-"&C72&E72&"-"&D72 | H72: =_xlfn.XLOOKUP(G72,'All Associates'!A:A,'All Associates'!B:B) | I72: =_xlfn.XLOOKUP(G72,'All Associates'!A:A,'All Associates'!D:D) | J72: =IF(G72<>"","Allocated","Available")
A73: R | B73: 3 | C73: G | D73: 04 | E73: 1 | F73: =A73&B73&"-"&C73&E73&"-"&D73 | G73: 268 | H73: =_xlfn.XLOOKUP(G73,'All Associates'!A:A,'All Associates'!B:B) | I73: =_xlfn.XLOOKUP(G73,'All Associates'!A:A,'All Associates'!D:D) | J73: =IF(G73<>"","Allocated","Available")
A74: R | B74: 3 | C74: G | D74: 05 | E74: 1 | F74: =A74&B74&"-"&C74&E74&"-"&D74 | G74: 202 | H74: =_xlfn.XLOOKUP(G74,'All Associates'!A:A,'All Associates'!B:B) | I74: =_xlfn.XLOOKUP(G74,'All Associates'!A:A,'All Associates'!D:D) | J74: =IF(G74<>"","Allocated","Available")
A75: R | B75: 3 | C75: G | D75: 06 | E75: 1 | F75: =A75&B75&"-"&C75&E75&"-"&D75 | G75: 1235 | H75: =_xlfn.XLOOKUP(G75,'All Associates'!A:A,'All Associates'!B:B) | I75: =_xlfn.XLOOKUP(G75,'All Associates'!A:A,'All Associates'!D:D) | J75: =IF(G75<>"","Allocated","Available")
A76: R | B76: 3 | C76: G | D76: 07 | E76: 1 | F76: =A76&B76&"-"&C76&E76&"-"&D76 | G76: 2043 | H76: =_xlfn.XLOOKUP(G76,'All Associates'!A:A,'All Associates'!B:B) | I76: =_xlfn.XLOOKUP(G76,'All Associates'!A:A,'All Associates'!D:D) | J76: =IF(G76<>"","Allocated","Available")
A77: R | B77: 3 | C77: G | D77: 08 | E77: 1 | F77: =A77&B77&"-"&C77&E77&"-"&D77 | G77: 924 | H77: =_xlfn.XLOOKUP(G77,'All Associates'!A:A,'All Associates'!B:B) | I77: =_xlfn.XLOOKUP(G77,'All Associates'!A:A,'All Associates'!D:D) | J77: =IF(G77<>"","Allocated","Available")
A78: R | B78: 3 | C78: G | D78: 01 | E78: 2 | F78: =A78&B78&"-"&C78&E78&"-"&D78 | G78: 512 | H78: =_xlfn.XLOOKUP(G78,'All Associates'!A:A,'All Associates'!B:B) | I78: =_xlfn.XLOOKUP(G78,'All Associates'!A:A,'All Associates'!D:D) | J78: =IF(G78<>"","Allocated","Available")
A79: R | B79: 3 | C79: G | D79: 02 | E79: 2 | F79: =A79&B79&"-"&C79&E79&"-"&D79 | G79: 1101 | H79: =_xlfn.XLOOKUP(G79,'All Associates'!A:A,'All Associates'!B:B) | I79: =_xlfn.XLOOKUP(G79,'All Associates'!A:A,'All Associates'!D:D) | J79: =IF(G79<>"","Allocated","Available")
A80: R | B80: 3 | C80: G | D80: 03 | E80: 2 | F80: =A80&B80&"-"&C80&E80&"-"&D80 | G80: 1002 | H80: =_xlfn.XLOOKUP(G80,'All Associates'!A:A,'All Associates'!B:B) | I80: =_xlfn.XLOOKUP(G80,'All Associates'!A:A,'All Associates'!D:D) | J80: =IF(G80<>"","Allocated","Available")
A81: R | B81: 3 | C81: G | D81: 04 | E81: 2 | F81: =A81&B81&"-"&C81&E81&"-"&D81 | G81: 1244 | H81: =_xlfn.XLOOKUP(G81,'All Associates'!A:A,'All Associates'!B:B) | I81: =_xlfn.XLOOKUP(G81,'All Associates'!A:A,'All Associates'!D:D) | J81: =IF(G81<>"","Allocated","Available")
A82: R | B82: 3 | C82: G | D82: 05 | E82: 2 | F82: =A82&B82&"-"&C82&E82&"-"&D82 | G82: 1045 | H82: =_xlfn.XLOOKUP(G82,'All Associates'!A:A,'All Associates'!B:B) | I82: =_xlfn.XLOOKUP(G82,'All Associates'!A:A,'All Associates'!D:D) | J82: =IF(G82<>"","Allocated","Available")
A83: R | B83: 3 | C83: G | D83: 06 | E83: 2 | F83: =A83&B83&"-"&C83&E83&"-"&D83 | G83: 1082 | H83: =_xlfn.XLOOKUP(G83,'All Associates'!A:A,'All Associates'!B:B) | I83: =_xlfn.XLOOKUP(G83,'All Associates'!A:A,'All Associates'!D:D) | J83: =IF(G83<>"","Allocated","Available")
A84: R | B84: 3 | C84: G | D84: 07 | E84: 2 | F84: =A84&B84&"-"&C84&E84&"-"&D84 | G84: 2042 | H84: =_xlfn.XLOOKUP(G84,'All Associates'!A:A,'All Associates'!B:B) | I84: =_xlfn.XLOOKUP(G84,'All Associates'!A:A,'All Associates'!D:D) | J84: =IF(G84<>"","Allocated","Available")
... A90: R | B90: 3 | C90: G | D90: 06 | E90: 3 | F90: =A90&B90&"-"&C90&E90&"-"&D90 | G90: 1146 | H90: =_xlfn.XLOOKUP(G90,'All Associates'!A:A,'All Associates'!B:B) | I90: =_xlfn.XLOOKUP(G90,'All Associates'!A:A,'All Associates'!D:D) | J90: =IF(G90<>"","Allocated","Available")
A91: R | B91: 3 | C91: G | D91: 07 | E91: 3 | F91: =A91&B91&"-"&C91&E91&"-"&D91 | H91: =_xlfn.XLOOKUP(G91,'All Associates'!A:A,'All Associates'!B:B) | I91: =_xlfn.XLOOKUP(G91,'All Associates'!A:A,'All Associates'!D:D) | J91: =IF(G91<>"","Allocated","Available")
A92: R | B92: 3 | C92: G | D92: 08 | E92: 3 | F92: =A92&B92&"-"&C92&E92&"-"&D92 | G92: HW | J92: HW
A93: R | B93: 3 | C93: G | D93: 01 | E93: 4 | F93: =A93&B93&"-"&C93&E93&"-"&D93 | G93: 150 | H93: =_xlfn.XLOOKUP(G93,'All Associates'!A:A,'All Associates'!B:B) | I93: =_xlfn.XLOOKUP(G93,'All Associates'!A:A,'All Associates'!D:D) | J93: =IF(G93<>"","Allocated","Available")
A94: R | B94: 3 | C94: G | D94: 02 | E94: 4 | F94: =A94&B94&"-"&C94&E94&"-"&D94 | G94: 417 | H94: =_xlfn.XLOOKUP(G94,'All Associates'!A:A,'All Associates'!B:B) | I94: =_xlfn.XLOOKUP(G94,'All Associates'!A:A,'All Associates'!D:D) | J94: =IF(G94<>"","Allocated","Available")
A95: R | B95: 3 | C95: G | D95: 03 | E95: 4 | F95: =A95&B95&"-"&C95&E95&"-"&D95 | G95: 442 | H95: =_xlfn.XLOOKUP(G95,'All Associates'!A:A,'All Associates'!B:B) | I95: =_xlfn.XLOOKUP(G95,'All Associates'!A:A,'All Associates'!D:D) | J95: =IF(G95<>"","Allocated","Available")
A96: R | B96: 3 | C96: G | D96: 04 | E96: 4 | F96: =A96&B96&"-"&C96&E96&"-"&D96 | G96: 440 | H96: =_xlfn.XLOOKUP(G96,'All Associates'!A:A,'All Associates'!B:B) | I96: =_xlfn.XLOOKUP(G96,'All Associates'!A:A,'All Associates'!D:D) | J96: =IF(G96<>"","Allocated","Available")
A97: R | B97: 3 | C97: G | D97: 06 | E97: 4 | F97: =A97&B97&"-"&C97&E97&"-"&D97 | G97: HW | J97: HW
A98: R | B98: 3 | C98: G | D98: 07 | E98: 4 | F98: =A98&B98&"-"&C98&E98&"-"&D98 | G98: HW | J98: HW
A99: R | B99: 3 | C99: G | D99: 08 | E99: 4 | F99: =A99&B99&"-"&C99&E99&"-"&D99 | G99: 27 | H99: =_xlfn.XLOOKUP(G99,'All Associates'!A:A,'All Associates'!B:B) | I99: =_xlfn.XLOOKUP(G99,'All Associates'!A:A,'All Associates'!D:D) | J99: =IF(G99<>"","Allocated","Available")
A100: R | B100: 3 | C100: G | D100: 01 | E100: M1 | F100: =A100&B100&"-"&C100&E100&"-"&D100 | H100: =_xlfn.XLOOKUP(G100,'All Associates'!A:A,'All Associates'!B:B) | I100: =_xlfn.XLOOKUP(G100,'All Associates'!A:A,'All Associates'!D:D) | J100: =IF(G100<>"","Allocated","Available")
A101: R | B101: 3 | C101: H | D101: 01 | E101: 1 | F101: =A101&B101&"-"&C101&E101&"-"&D101 | G101: 614 | H101: =_xlfn.XLOOKUP(G101,'All Associates'!A:A,'All Associates'!B:B) | I101: =_xlfn.XLOOKUP(G101,'All Associates'!A:A,'All Associates'!D:D) | J101: =IF(G101<>"","Allocated","Available")
A102: R | B102: 3 | C102: H | D102: 02 | E102: 1 | F102: =A102&B102&"-"&C102&E102&"-"&D102 | G102: 199 | H102: =_xlfn.XLOOKUP(G102,'All Associates'!A:A,'All Associates'!B:B) | I102: =_xlfn.XLOOKUP(G102,'All Associates'!A:A,'All Associates'!D:D) | J102: =IF(G102<>"","Allocated","Available")
A103: R | B103: 3 | C103: H | D103: 03 | E103: 1 | F103: =A103&B103&"-"&C103&E103&"-"&D103 | G103: 847 | H103: =_xlfn.XLOOKUP(G103,'All Associates'!A:A,'All Associates'!B:B) | I103: =_xlfn.XLOOKUP(G103,'All Associates'!A:A,'All Associates'!D:D) | J103: =IF(G103<>"","Allocated","Available")
A104: R | B104: 3 | C104: H | D104: 04 | E104: 1 | F104: =A104&B104&"-"&C104&E104&"-"&D104 | G104: 73 | H104: =_xlfn.XLOOKUP(G104,'All Associates'!A:A,'All Associates'!B:B) | I104: =_xlfn.XLOOKUP(G104,'All Associates'!A:A,'All Associates'!D:D) | J104: =IF(G104<>"","Allocated","Available")
A105: R | B105: 3 | C105: H | D105: 05 | E105: 1 | F105: =A105&B105&"-"&C105&E105&"-"&D105 | G105: 1076 | H105: =_xlfn.XLOOKUP(G105,'All Associates'!A:A,'All Associates'!B:B) | I105: =_xlfn.XLOOKUP(G105,'All Associates'!A:A,'All Associates'!D:D) | J105: =IF(G105<>"","Allocated","Available")
A106: R | B106: 3 | C106: H | D106: 06 | E106: 1 | F106: =A106&B106&"-"&C106&E106&"-"&D106 | G106: 1103 | H106: =_xlfn.XLOOKUP(G106,'All Associates'!A:A,'All Associates'!B:B) | I106: =_xlfn.XLOOKUP(G106,'All Associates'!A:A,'All Associates'!D:D) | J106: =IF(G106<>"","Allocated","Available")
A107: R | B107: 3 | C107: H | D107: 07 | E107: 1 | F107: =A107&B107&"-"&C107&E107&"-"&D107 | G107: 1040 | H107: =_xlfn.XLOOKUP(G107,'All Associates'!A:A,'All Associates'!B:B) | I107: =_xlfn.XLOOKUP(G107,'All Associates'!A:A,'All Associates'!D:D) | J107: =IF(G107<>"","Allocated","Available")
A108: R | B108: 3 | C108: H | D108: 08 | E108: 1 | F108: =A108&B108&"-"&C108&E108&"-"&D108 | G108: 2023 | H108: =_xlfn.XLOOKUP(G108,'All Associates'!A:A,'All Associates'!B:B) | I108: =_xlfn.XLOOKUP(G108,'All Associates'!A:A,'All Associates'!D:D) | J108: =IF(G108<>"","Allocated","Available")
...

Sheet Riviera_4
A1: Building | B1: Floor | C1: Area | D1: Desk Number | E1: Row | F1: Desk number | G1: Associate Staff ID - INPUT | H1: Associate Name | I1: 1st line Supervisor | J1: Desk Status | M1: Floor Plan
A2: R | B2: 4 | C2: E | D2: 01 | E2: 1 | F2: =A2&B2&"-"&C2&E2&"-"&D2 | G2: 362 | H2: =_xlfn.XLOOKUP(G2,'All Associates'!A:A,'All Associates'!B:B) | I2: =_xlfn.XLOOKUP(G2,'All Associates'!A:A,'All Associates'!D:D) | J2: =IF(G2<>"","Allocated","Available")
A3: R | B3: 4 | C3: E | D3: 02 | E3: 1 | F3: =A3&B3&"-"&C3&E3&"-"&D3 | G3: 874 | H3: =_xlfn.XLOOKUP(G3,'All Associates'!A:A,'All Associates'!B:B) | I3: =_xlfn.XLOOKUP(G3,'All Associates'!A:A,'All Associates'!D:D) | J3: =IF(G3<>"","Allocated","Available")
A4: R | B4: 4 | C4: E | D4: 03 | E4: 1 | F4: =A4&B4&"-"&C4&E4&"-"&D4 | G4: 606 | H4: =_xlfn.XLOOKUP(G4,'All Associates'!A:A,'All Associates'!B:B) | I4: =_xlfn.XLOOKUP(G4,'All Associates'!A:A,'All Associates'!D:D) | J4: =IF(G4<>"","Allocated","Available")
A5: R | B5: 4 | C5: E | D5: 04 | E5: 1 | F5: =A5&B5&"-"&C5&E5&"-"&D5 | G5: 1136 | H5: =_xlfn.XLOOKUP(G5,'All Associates'!A:A,'All Associates'!B:B) | I5: =_xlfn.XLOOKUP(G5,'All Associates'!A:A,'All Associates'!D:D) | J5: =IF(G5<>"","Allocated","Available")
A6: R | B6: 4 | C6: E | D6: 05 | E6: 1 | F6: =A6&B6&"-"&C6&E6&"-"&D6 | H6: =_xlfn.XLOOKUP(G6,'All Associates'!A:A,'All Associates'!B:B) | I6: =_xlfn.XLOOKUP(G6,'All Associates'!A:A,'All Associates'!D:D) | J6: =IF(G6<>"","Allocated","Available")
A7: R | B7: 4 | C7: E | D7: 01 | E7: 2 | F7: =A7&B7&"-"&C7&E7&"-"&D7 | G7: 404 | H7: =_xlfn.XLOOKUP(G7,'All Associates'!A:A,'All Associates'!B:B) | I7: =_xlfn.XLOOKUP(G7,'All Associates'!A:A,'All Associates'!D:D) | J7: =IF(G7<>"","Allocated","Available")
A8: R | B8: 4 | C8: E | D8: 02 | E8: 2 | F8: =A8&B8&"-"&C8&E8&"-"&D8 | G8: 579 | H8: =_xlfn.XLOOKUP(G8,'All Associates'!A:A,'All Associates'!B:B) | I8: =_xlfn.XLOOKUP(G8,'All Associates'!A:A,'All Associates'!D:D) | J8: =IF(G8<>"","Allocated","Available")
A9: R | B9: 4 | C9: E | D9: 03 | E9: 2 | F9: =A9&B9&"-"&C9&E9&"-"&D9 | G9: 350 | H9: =_xlfn.XLOOKUP(G9,'All Associates'!A:A,'All Associates'!B:B) | I9: =_xlfn.XLOOKUP(G9,'All Associates'!A:A,'All Associates'!D:D) | J9: =IF(G9<>"","Allocated","Available")
A10: R | B10: 4 | C10: E | D10: 04 | E10: 2 | F10: =A10&B10&"-"&C10&E10&"-"&D10 | G10: 507 | H10: =_xlfn.XLOOKUP(G10,'All Associates'!A:A,'All Associates'!B:B) | I10: =_xlfn.XLOOKUP(G10,'All Associates'!A:A,'All Associates'!D:D) | J10: =IF(G10<>"","Allocated","Available")
A11: R | B11: 4 | C11: E | D11: 05 | E11: 2 | F11: =A11&B11&"-"&C11&E11&"-"&D11 | G11: 926 | H11: =_xlfn.XLOOKUP(G11,'All Associates'!A:A,'All Associates'!B:B) | I11: =_xlfn.XLOOKUP(G11,'All Associates'!A:A,'All Associates'!D:D) | J11: =IF(G11<>"","Allocated","Available")
A12: R | B12: 4 | C12: E | D12: 06 | E12: 2 | F12: =A12&B12&"-"&C12&E12&"-"&D12 | G12: 990 | H12: =_xlfn.XLOOKUP(G12,'All Associates'!A:A,'All Associates'!B:B) | I12: =_xlfn.XLOOKUP(G12,'All Associates'!A:A,'All Associates'!D:D) | J12: =IF(G12<>"","Allocated","Available")
A13: R | B13: 4 | C13: E | D13: 07 | E13: 2 | F13: =A13&B13&"-"&C13&E13&"-"&D13 | H13: =_xlfn.XLOOKUP(G13,'All Associates'!A:A,'All Associates'!B:B) | I13: =_xlfn.XLOOKUP(G13,'All Associates'!A:A,'All Associates'!D:D) | J13: =IF(G13<>"","Allocated","Available")
A14: R | B14: 4 | C14: E | D14: 01 | E14: 3 | F14: =A14&B14&"-"&C14&E14&"-"&D14 | G14: 194 | H14: =_xlfn.XLOOKUP(G14,'All Associates'!A:A,'All Associates'!B:B) | I14: =_xlfn.XLOOKUP(G14,'All Associates'!A:A,'All Associates'!D:D) | J14: =IF(G14<>"","Allocated","Available")
A15: R | B15: 4 | C15: E | D15: 02 | E15: 3 | F15: =A15&B15&"-"&C15&E15&"-"&D15 | G15: 717 | H15: =_xlfn.XLOOKUP(G15,'All Associates'!A:A,'All Associates'!B:B) | I15: =_xlfn.XLOOKUP(G15,'All Associates'!A:A,'All Associates'!D:D) | J15: =IF(G15<>"","Allocated","Available")
A16: R | B16: 4 | C16: E | D16: 03 | E16: 3 | F16: =A16&B16&"-"&C16&E16&"-"&D16 | G16: 276 | H16: =_xlfn.XLOOKUP(G16,'All Associates'!A:A,'All Associates'!B:B) | I16: =_xlfn.XLOOKUP(G16,'All Associates'!A:A,'All Associates'!D:D) | J16: =IF(G16<>"","Allocated","Available")
A17: R | B17: 4 | C17: E | D17: 04 | E17: 3 | F17: =A17&B17&"-"&C17&E17&"-"&D17 | G17: 1106 | H17: =_xlfn.XLOOKUP(G17,'All Associates'!A:A,'All Associates'!B:B) | I17: =_xlfn.XLOOKUP(G17,'All Associates'!A:A,'All Associates'!D:D) | J17: =IF(G17<>"","Allocated","Available")
A18: R | B18: 4 | C18: E | D18: 05 | E18: 3 | F18: =A18&B18&"-"&C18&E18&"-"&D18 | G18: 1173 | H18: =_xlfn.XLOOKUP(G18,'All Associates'!A:A,'All Associates'!B:B) | I18: =_xlfn.XLOOKUP(G18,'All Associates'!A:A,'All Associates'!D:D) | J18: =IF(G18<>"","Allocated","Available")
A19: R | B19: 4 | C19: E | D19: 06 | E19: 3 | F19: =A19&B19&"-"&C19&E19&"-"&D19 | G19: 351 | H19: =_xlfn.XLOOKUP(G19,'All Associates'!A:A,'All Associates'!B:B) | I19: =_xlfn.XLOOKUP(G19,'All Associates'!A:A,'All Associates'!D:D) | J19: =IF(G19<>"","Allocated","Available")
A20: R | B20: 4 | C20: E | D20: 07 | E20: 3 | F20: =A20&B20&"-"&C20&E20&"-"&D20 | H20: =_xlfn.XLOOKUP(G20,'All Associates'!A:A,'All Associates'!B:B) | I20: =_xlfn.XLOOKUP(G20,'All Associates'!A:A,'All Associates'!D:D) | J20: =IF(G20<>"","Allocated","Available")
A21: R | B21: 4 | C21: E | D21: 08 | E21: 3 | F21: =A21&B21&"-"&C21&E21&"-"&D21 | H21: =_xlfn.XLOOKUP(G21,'All Associates'!A:A,'All Associates'!B:B) | I21: =_xlfn.XLOOKUP(G21,'All Associates'!A:A,'All Associates'!D:D) | J21: =IF(G21<>"","Allocated","Available")
A22: R | B22: 4 | C22: E | D22: 01 | E22: 4 | F22: =A22&B22&"-"&C22&E22&"-"&D22 | G22: 1132 | H22: =_xlfn.XLOOKUP(G22,'All Associates'!A:A,'All Associates'!B:B) | I22: =_xlfn.XLOOKUP(G22,'All Associates'!A:A,'All Associates'!D:D) | J22: =IF(G22<>"","Allocated","Available")
A23: R | B23: 4 | C23: E | D23: 02 | E23: 4 | F23: =A23&B23&"-"&C23&E23&"-"&D23 | G23: 335 | H23: =_xlfn.XLOOKUP(G23,'All Associates'!A:A,'All Associates'!B:B) | I23: =_xlfn.XLOOKUP(G23,'All Associates'!A:A,'All Associates'!D:D) | J23: =IF(G23<>"","Allocated","Available")
A24: R | B24: 4 | C24: E | D24: 03 | E24: 4 | F24: =A24&B24&"-"&C24&E24&"-"&D24 | G24: 1239 | H24: =_xlfn.XLOOKUP(G24,'All Associates'!A:A,'All Associates'!B:B) | I24: =_xlfn.XLOOKUP(G24,'All Associates'!A:A,'All Associates'!D:D) | J24: =IF(G24<>"","Allocated","Available")
A25: R | B25: 4 | C25: E | D25: 04 | E25: 4 | F25: =A25&B25&"-"&C25&E25&"-"&D25 | G25: 1048 | H25: =_xlfn.XLOOKUP(G25,'All Associates'!A:A,'All Associates'!B:B) | I25: =_xlfn.XLOOKUP(G25,'All Associates'!A:A,'All Associates'!D:D) | J25: =IF(G25<>"","Allocated","Available")
A26: R | B26: 4 | C26: E | D26: 05 | E26: 4 | F26: =A26&B26&"-"&C26&E26&"-"&D26 | G26: 2001 | H26: =_xlfn.XLOOKUP(G26,'All Associates'!A:A,'All Associates'!B:B) | I26: =_xlfn.XLOOKUP(G26,'All Associates'!A:A,'All Associates'!D:D) | J26: =IF(G26<>"","Allocated","Available")
A27: R | B27: 4 | C27: E | D27: 06 | E27: 4 | F27: =A27&B27&"-"&C27&E27&"-"&D27 | G27: 44 | H27: =_xlfn.XLOOKUP(G27,'All Associates'!A:A,'All Associates'!B:B) | I27: =_xlfn.XLOOKUP(G27,'All Associates'!A:A,'All Associates'!D:D) | J27: =IF(G27<>"","Allocated","Available")
A28: R | B28: 4 | C28: F | D28: 01 | E28: 1 | F28: =A28&B28&"-"&C28&E28&"-"&D28 | G28: HW | J28: HW
A29: R | B29: 4 | C29: F | D29: 02 | E29: 1 | F29: =A29&B29&"-"&C29&E29&"-"&D29 | G29: 2048 | H29: =_xlfn.XLOOKUP(G29,'All Associates'!A:A,'All Associates'!B:B) | I29: =_xlfn.XLOOKUP(G29,'All Associates'!A:A,'All Associates'!D:D) | J29: =IF(G29<>"","Allocated","Available")
A30: R | B30: 4 | C30: F | D30: 03 | E30: 1 | F30: =A30&B30&"-"&C30&E30&"-"&D30 | G30: 2049 | H30: =_xlfn.XLOOKUP(G30,'All Associates'!A:A,'All Associates'!B:B) | I30: =_xlfn.XLOOKUP(G30,'All Associates'!A:A,'All Associates'!D:D) | J30: =IF(G30<>"","Allocated","Available")
A31: R | B31: 4 | C31: F | D31: 01 | E31: 2 | F31: =A31&B31&"-"&C31&E31&"-"&D31 | G31: 1185 | H31: =_xlfn.XLOOKUP(G31,'All Associates'!A:A,'All Associates'!B:B) | I31: =_xlfn.XLOOKUP(G31,'All Associates'!A:A,'All Associates'!D:D) | J31: =IF(G31<>"","Allocated","Available")
A32: R | B32: 4 | C32: F | D32: 02 | E32: 2 | F32: =A32&B32&"-"&C32&E32&"-"&D32 | G32: 1190 | H32: =_xlfn.XLOOKUP(G32,'All Associates'!A:A,'All Associates'!B:B) | I32: =_xlfn.XLOOKUP(G32,'All Associates'!A:A,'All Associates'!D:D) | J32: =IF(G32<>"","Allocated","Available")
A33: R | B33: 4 | C33: F | D33: 03 | E33: 2 | F33: =A33&B33&"-"&C33&E33&"-"&D33 | G33: 1123 | H33: =_xlfn.XLOOKUP(G33,'All Associates'!A:A,'All Associates'!B:B) | I33: =_xlfn.XLOOKUP(G33,'All Associates'!A:A,'All Associates'!D:D) | J33: =IF(G33<>"","Allocated","Available")
A34: R | B34: 4 | C34: F | D34: 04 | E34: 2 | F34: =A34&B34&"-"&C34&E34&"-"&D34 | G34: 1202 | H34: =_xlfn.XLOOKUP(G34,'All Associates'!A:A,'All Associates'!B:B) | I34: =_xlfn.XLOOKUP(G34,'All Associates'!A:A,'All Associates'!D:D) | J34: =IF(G34<>"","Allocated","Available")
A35: R | B35: 4 | C35: F | D35: 05 | E35: 2 | F35: =A35&B35&"-"&C35&E35&"-"&D35 | G35: 1121 | H35: =_xlfn.XLOOKUP(G35,'All Associates'!A:A,'All Associates'!B:B) | I35: =_xlfn.XLOOKUP(G35,'All Associates'!A:A,'All Associates'!D:D) | J35: =IF(G35<>"","Allocated","Available")
A36: R | B36: 4 | C36: F | D36: 06 | E36: 2 | F36: =A36&B36&"-"&C36&E36&"-"&D36 | G36: 421 | H36: =_xlfn.XLOOKUP(G36,'All Associates'!A:A,'All Associates'!B:B) | I36: =_xlfn.XLOOKUP(G36,'All Associates'!A:A,'All Associates'!D:D) | J36: =IF(G36<>"","Allocated","Available")
A37: R | B37: 4 | C37: F | D37: 07 | E37: 2 | F37: =A37&B37&"-"&C37&E37&"-"&D37 | H37: =_xlfn.XLOOKUP(G37,'All Associates'!A:A,'All Associates'!B:B) | I37: =_xlfn.XLOOKUP(G37,'All Associates'!A:A,'All Associates'!D:D) | J37: =IF(G37<>"","Allocated","Available")
A38: R | B38: 4 | C38: F | D38: 07 | E38: 2 | F38: R4-F2-08 | G38: 448 | H38: =_xlfn.XLOOKUP(G38,'All Associates'!A:A,'All Associates'!B:B) | I38: =_xlfn.XLOOKUP(G38,'All Associates'!A:A,'All Associates'!D:D) | J38: =IF(G38<>"","Allocated","Available")
A39: R | B39: 4 | C39: F | D39: 01 | E39: 3 | F39: =A39&B39&"-"&C39&E39&"-"&D39 | G39: 148 | H39: =_xlfn.XLOOKUP(G39,'All Associates'!A:A,'All Associates'!B:B) | I39: =_xlfn.XLOOKUP(G39,'All Associates'!A:A,'All Associates'!D:D) | J39: =IF(G39<>"","Allocated","Available")
A40: R | B40: 4 | C40: F | D40: 02 | E40: 3 | F40: =A40&B40&"-"&C40&E40&"-"&D40 | G40: 1191 | H40: =_xlfn.XLOOKUP(G40,'All Associates'!A:A,'All Associates'!B:B) | I40: =_xlfn.XLOOKUP(G40,'All Associates'!A:A,'All Associates'!D:D) | J40: =IF(G40<>"","Allocated","Available")
A41: R | B41: 4 | C41: F | D41: 03 | E41: 3 | F41: =A41&B41&"-"&C41&E41&"-"&D41 | G41: 61 | H41: =_xlfn.XLOOKUP(G41,'All Associates'!A:A,'All Associates'!B:B) | I41: =_xlfn.XLOOKUP(G41,'All Associates'!A:A,'All Associates'!D:D) | J41: =IF(G41<>"","Allocated","Available")
A42: R | B42: 4 | C42: F | D42: 04 | E42: 3 | F42: =A42&B42&"-"&C42&E42&"-"&D42 | G42: 1209 | H42: =_xlfn.XLOOKUP(G42,'All Associates'!A:A,'All Associates'!B:B) | I42: =_xlfn.XLOOKUP(G42,'All Associates'!A:A,'All Associates'!D:D) | J42: =IF(G42<>"","Allocated","Available")
A43: R | B43: 4 | C43: F | D43: 05 | E43: 3 | F43: =A43&B43&"-"&C43&E43&"-"&D43 | G43: 1233 | H43: =_xlfn.XLOOKUP(G43,'All Associates'!A:A,'All Associates'!B:B) | I43: =_xlfn.XLOOKUP(G43,'All Associates'!A:A,'All Associates'!D:D) | J43: =IF(G43<>"","Allocated","Available")
A44: R | B44: 4 | C44: F | D44: 06 | E44: 3 | F44: =A44&B44&"-"&C44&E44&"-"&D44 | G44: 712 | H44: =_xlfn.XLOOKUP(G44,'All Associates'!A:A,'All Associates'!B:B) | I44: =_xlfn.XLOOKUP(G44,'All Associates'!A:A,'All Associates'!D:D) | J44: =IF(G44<>"","Allocated","Available")
A45: R | B45: 4 | C45: F | D45: 07 | E45: 3 | F45: =A45&B45&"-"&C45&E45&"-"&D45 | G45: 1175 | H45: =_xlfn.XLOOKUP(G45,'All Associates'!A:A,'All Associates'!B:B) | I45: =_xlfn.XLOOKUP(G45,'All Associates'!A:A,'All Associates'!D:D) | J45: =IF(G45<>"","Allocated","Available")
A46: R | B46: 4 | C46: F | D46: 08 | E46: 3 | F46: =A46&B46&"-"&C46&E46&"-"&D46 | G46: 2028 | H46: =_xlfn.XLOOKUP(G46,'All Associates'!A:A,'All Associates'!B:B) | I46: =_xlfn.XLOOKUP(G46,'All Associates'!A:A,'All Associates'!D:D) | J46: =IF(G46<>"","Allocated","Available")
A47: R | B47: 4 | C47: F | D47: 01 | E47: 4 | F47: =A47&B47&"-"&C47&E47&"-"&D47 | H47: =_xlfn.XLOOKUP(G47,'All Associates'!A:A,'All Associates'!B:B) | I47: =_xlfn.XLOOKUP(G47,'All Associates'!A:A,'All Associates'!D:D) | J47: =IF(G47<>"","Allocated","Available")
A48: R | B48: 4 | C48: F | D48: 02 | E48: 4 | F48: =A48&B48&"-"&C48&E48&"-"&D48 | H48: =_xlfn.XLOOKUP(G48,'All Associates'!A:A,'All Associates'!B:B) | I48: =_xlfn.XLOOKUP(G48,'All Associates'!A:A,'All Associates'!D:D) | J48: =IF(G48<>"","Allocated","Available")
A49: R | B49: 4 | C49: F | D49: 03 | E49: 4 | F49: =A49&B49&"-"&C49&E49&"-"&D49 | H49: =_xlfn.XLOOKUP(G49,'All Associates'!A:A,'All Associates'!B:B) | I49: =_xlfn.XLOOKUP(G49,'All Associates'!A:A,'All Associates'!D:D) | J49: =IF(G49<>"","Allocated","Available")
A50: R | B50: 4 | C50: F | D50: 04 | E50: 4 | F50: =A50&B50&"-"&C50&E50&"-"&D50 | G50: 1230 | H50: =_xlfn.XLOOKUP(G50,'All Associates'!A:A,'All Associates'!B:B) | I50: =_xlfn.XLOOKUP(G50,'All Associates'!A:A,'All Associates'!D:D) | J50: =IF(G50<>"","Allocated","Available")
A51: R | B51: 4 | C51: F | D51: 01 | E51: 5 | F51: =A51&B51&"-"&C51&E51&"-"&D51 | G51: 1110 | H51: =_xlfn.XLOOKUP(G51,'All Associates'!A:A,'All Associates'!B:B) | I51: =_xlfn.XLOOKUP(G51,'All Associates'!A:A,'All Associates'!D:D) | J51: =IF(G51<>"","Allocated","Available")
A52: R | B52: 4 | C52: F | D52: 02 | E52: 5 | F52: =A52&B52&"-"&C52&E52&"-"&D52 | G52: 1187 | H52: =_xlfn.XLOOKUP(G52,'All Associates'!A:A,'All Associates'!B:B) | I52: =_xlfn.XLOOKUP(G52,'All Associates'!A:A,'All Associates'!D:D) | J52: =IF(G52<>"","Allocated","Available")
A53: R | B53: 4 | C53: F | D53: 03 | E53: 5 | F53: =A53&B53&"-"&C53&E53&"-"&D53 | G53: 2018 | H53: =_xlfn.XLOOKUP(G53,'All Associates'!A:A,'All Associates'!B:B) | I53: =_xlfn.XLOOKUP(G53,'All Associates'!A:A,'All Associates'!D:D) | J53: =IF(G53<>"","Allocated","Available")
A54: R | B54: 4 | C54: F | D54: 04 | E54: 5 | F54: =A54&B54&"-"&C54&E54&"-"&D54 | H54: =_xlfn.XLOOKUP(G54,'All Associates'!A:A,'All Associates'!B:B) | I54: =_xlfn.XLOOKUP(G54,'All Associates'!A:A,'All Associates'!D:D) | J54: =IF(G54<>"","Allocated","Available")
A55: R | B55: 4 | C55: F | D55: 05 | E55: 5 | F55: =A55&B55&"-"&C55&E55&"-"&D55 | G55: 1017 | H55: =_xlfn.XLOOKUP(G55,'All Associates'!A:A,'All Associates'!B:B) | I55: =_xlfn.XLOOKUP(G55,'All Associates'!A:A,'All Associates'!D:D) | J55: =IF(G55<>"","Allocated","Available")
A56: R | B56: 4 | C56: F | D56: 06 | E56: 5 | F56: =A56&B56&"-"&C56&E56&"-"&D56 | G56: 1242 | H56: =_xlfn.XLOOKUP(G56,'All Associates'!A:A,'All Associates'!B:B) | I56: =_xlfn.XLOOKUP(G56,'All Associates'!A:A,'All Associates'!D:D) | J56: =IF(G56<>"","Allocated","Available")
A57: R | B57: 4 | C57: F | D57: 07 | E57: 5 | F57: =A57&B57&"-"&C57&E57&"-"&D57 | H57: =_xlfn.XLOOKUP(G57,'All Associates'!A:A,'All Associates'!B:B) | I57: =_xlfn.XLOOKUP(G57,'All Associates'!A:A,'All Associates'!D:D) | J57: =IF(G57<>"","Allocated","Available")
A58: R | B58: 4 | C58: F | D58: 08 | E58: 5 | F58: =A58&B58&"-"&C58&E58&"-"&D58 | H58: =_xlfn.XLOOKUP(G58,'All Associates'!A:A,'All Associates'!B:B) | I58: =_xlfn.XLOOKUP(G58,'All Associates'!A:A,'All Associates'!D:D) | J58: =IF(G58<>"","Allocated","Available")
A59: R | B59: 4 | C59: F | D59: 01 | E59: 6 | F59: =A59&B59&"-"&C59&E59&"-"&D59 | G59: 1056 | H59: =_xlfn.XLOOKUP(G59,'All Associates'!A:A,'All Associates'!B:B) | I59: =_xlfn.XLOOKUP(G59,'All Associates'!A:A,'All Associates'!D:D) | J59: =IF(G59<>"","Allocated","Available")
A60: R | B60: 4 | C60: F | D60: 02 | E60: 6 | F60: =A60&B60&"-"&C60&E60&"-"&D60 | G60: 1199 | H60: SALAJAN DORIN-AUGUSTIN | I60: Diaconu Andrei | J60: =IF(G60<>"","Allocated","Available")
A61: R | B61: 4 | C61: F | D61: 03 | E61: 6 | F61: =A61&B61&"-"&C61&E61&"-"&D61 | G61: 1204 | H61: =_xlfn.XLOOKUP(G61,'All Associates'!A:A,'All Associates'!B:B) | I61: =_xlfn.XLOOKUP(G61,'All Associates'!A:A,'All Associates'!D:D) | J61: =IF(G61<>"","Allocated","Available")
A62: R | B62: 4 | C62: F | D62: 04 | E62: 6 | F62: =A62&B62&"-"&C62&E62&"-"&D62 | G62: 2008 | H62: =_xlfn.XLOOKUP(G62,'All Associates'!A:A,'All Associates'!B:B) | I62: =_xlfn.XLOOKUP(G62,'All Associates'!A:A,'All Associates'!D:D) | J62: =IF(G62<>"","Allocated","Available")
A63: R | B63: 4 | C63: F | D63: 05 | E63: 6 | F63: =A63&B63&"-"&C63&E63&"-"&D63 | G63: 1207 | H63: =_xlfn.XLOOKUP(G63,'All Associates'!A:A,'All Associates'!B:B) | I63: =_xlfn.XLOOKUP(G63,'All Associates'!A:A,'All Associates'!D:D) | J63: =IF(G63<>"","Allocated","Available")
A64: R | B64: 4 | C64: F | D64: 06 | E64: 6 | F64: =A64&B64&"-"&C64&E64&"-"&D64 | G64: 1151 | H64: =_xlfn.XLOOKUP(G64,'All Associates'!A:A,'All Associates'!B:B) | I64: =_xlfn.XLOOKUP(G64,'All Associates'!A:A,'All Associates'!D:D) | J64: =IF(G64<>"","Allocated","Available")
A65: R | B65: 4 | C65: F | D65: 07 | E65: 6 | F65: =A65&B65&"-"&C65&E65&"-"&D65 | G65: 1208 | H65: =_xlfn.XLOOKUP(G65,'All Associates'!A:A,'All Associates'!B:B) | I65: =_xlfn.XLOOKUP(G65,'All Associates'!A:A,'All Associates'!D:D) | J65: =IF(G65<>"","Allocated","Available")
A66: R | B66: 4 | C66: F | D66: 08 | E66: 6 | F66: =A66&B66&"-"&C66&E66&"-"&D66 | H66: =_xlfn.XLOOKUP(G66,'All Associates'!A:A,'All Associates'!B:B) | I66: =_xlfn.XLOOKUP(G66,'All Associates'!A:A,'All Associates'!D:D) | J66: =IF(G66<>"","Allocated","Available")
A67: R | B67: 4 | C67: F | D67: 01 | E67: M1 | F67: =A67&B67&"-"&C67&E67&"-"&D67 | H67: =_xlfn.XLOOKUP(G67,'All Associates'!A:A,'All Associates'!B:B) | I67: =_xlfn.XLOOKUP(G67,'All Associates'!A:A,'All Associates'!D:D) | J67: =IF(G67<>"","Allocated","Available")
A68: R | B68: 4 | C68: G | D68: 01 | E68: 1 | F68: =A68&B68&"-"&C68&E68&"-"&D68 | G68: 116 | H68: =_xlfn.XLOOKUP(G68,'All Associates'!A:A,'All Associates'!B:B) | I68: =_xlfn.XLOOKUP(G68,'All Associates'!A:A,'All Associates'!D:D) | J68: =IF(G68<>"","Allocated","Available")
A69: R | B69: 4 | C69: G | D69: 02 | E69: 1 | F69: =A69&B69&"-"&C69&E69&"-"&D69 | H69: =_xlfn.XLOOKUP(G69,'All Associates'!A:A,'All Associates'!B:B) | I69: =_xlfn.XLOOKUP(G69,'All Associates'!A:A,'All Associates'!D:D) | J69: =IF(G69<>"","Allocated","Available")
A70: R | B70: 4 | C70: G | D70: 03 | E70: 1 | F70: =A70&B70&"-"&C70&E70&"-"&D70 | H70: =_xlfn.XLOOKUP(G70,'All Associates'!A:A,'All Associates'!B:B) | I70: =_xlfn.XLOOKUP(G70,'All Associates'!A:A,'All Associates'!D:D) | J70: =IF(G70<>"","Allocated","Available")
A71: R | B71: 4 | C71: G | D71: 04 | E71: 1 | F71: =A71&B71&"-"&C71&E71&"-"&D71 | H71: =_xlfn.XLOOKUP(G71,'All Associates'!A:A,'All Associates'!B:B) | I71: =_xlfn.XLOOKUP(G71,'All Associates'!A:A,'All Associates'!D:D) | J71: =IF(G71<>"","Allocated","Available")
A72: R | B72: 4 | C72: G | D72: 05 | E72: 1 | F72: =A72&B72&"-"&C72&E72&"-"&D72 | H72: =_xlfn.XLOOKUP(G72,'All Associates'!A:A,'All Associates'!B:B) | I72: =_xlfn.XLOOKUP(G72,'All Associates'!A:A,'All Associates'!D:D) | J72: =IF(G72<>"","Allocated","Available")
A73: R | B73: 4 | C73: G | D73: 06 | E73: 1 | F73: =A73&B73&"-"&C73&E73&"-"&D73 | H73: =_xlfn.XLOOKUP(G73,'All Associates'!A:A,'All Associates'!B:B) | I73: =_xlfn.XLOOKUP(G73,'All Associates'!A:A,'All Associates'!D:D) | J73: =IF(G73<>"","Allocated","Available")
A74: R | B74: 4 | C74: G | D74: 07 | E74: 1 | F74: =A74&B74&"-"&C74&E74&"-"&D74 | H74: =_xlfn.XLOOKUP(G74,'All Associates'!A:A,'All Associates'!B:B) | I74: =_xlfn.XLOOKUP(G74,'All Associates'!A:A,'All Associates'!D:D) | J74: =IF(G74<>"","Allocated","Available")
A75: R | B75: 4 | C75: G | D75: 01 | E75: 2 | F75: =A75&B75&"-"&C75&E75&"-"&D75 | H75: =_xlfn.XLOOKUP(G75,'All Associates'!A:A,'All Associates'!B:B) | I75: =_xlfn.XLOOKUP(G75,'All Associates'!A:A,'All Associates'!D:D) | J75: =IF(G75<>"","Allocated","Available")
A76: R | B76: 4 | C76: G | D76: 02 | E76: 2 | F76: =A76&B76&"-"&C76&E76&"-"&D76 | H76: =_xlfn.XLOOKUP(G76,'All Associates'!A:A,'All Associates'!B:B) | I76: =_xlfn.XLOOKUP(G76,'All Associates'!A:A,'All Associates'!D:D) | J76: =IF(G76<>"","Allocated","Available")
A77: R | B77: 4 | C77: G | D77: 03 | E77: 2 | F77: =A77&B77&"-"&C77&E77&"-"&D77 | H77: =_xlfn.XLOOKUP(G77,'All Associates'!A:A,'All Associates'!B:B) | I77: =_xlfn.XLOOKUP(G77,'All Associates'!A:A,'All Associates'!D:D) | J77: =IF(G77<>"","Allocated","Available")
A78: R | B78: 4 | C78: G | D78: 04 | E78: 2 | F78: =A78&B78&"-"&C78&E78&"-"&D78 | H78: =_xlfn.XLOOKUP(G78,'All Associates'!A:A,'All Associates'!B:B) | I78: =_xlfn.XLOOKUP(G78,'All Associates'!A:A,'All Associates'!D:D) | J78: =IF(G78<>"","Allocated","Available")
A79: R | B79: 4 | C79: G | D79: 05 | E79: 2 | F79: =A79&B79&"-"&C79&E79&"-"&D79 | H79: =_xlfn.XLOOKUP(G79,'All Associates'!A:A,'All Associates'!B:B) | I79: =_xlfn.XLOOKUP(G79,'All Associates'!A:A,'All Associates'!D:D) | J79: =IF(G79<>"","Allocated","Available")
A80: R | B80: 4 | C80: G | D80: 06 | E80: 2 | F80: =A80&B80&"-"&C80&E80&"-"&D80 | H80: =_xlfn.XLOOKUP(G80,'All Associates'!A:A,'All Associates'!B:B) | I80: =_xlfn.XLOOKUP(G80,'All Associates'!A:A,'All Associates'!D:D) | J80: =IF(G80<>"","Allocated","Available")
A81: R | B81: 4 | C81: G | D81: 01 | E81: 3 | F81: =A81&B81&"-"&C81&E81&"-"&D81 | G81: 1126 | H81: =_xlfn.XLOOKUP(G81,'All Associates'!A:A,'All Associates'!B:B) | I81: =_xlfn.XLOOKUP(G81,'All Associates'!A:A,'All Associates'!D:D) | J81: =IF(G81<>"","Allocated","Available")
A82: R | B82: 4 | C82: G | D82: 02 | E82: 3 | F82: =A82&B82&"-"&C82&E82&"-"&D82 | G82: 945 | H82: =_xlfn.XLOOKUP(G82,'All Associates'!A:A,'All Associates'!B:B) | I82: =_xlfn.XLOOKUP(G82,'All Associates'!A:A,'All Associates'!D:D) | J82: =IF(G82<>"","Allocated","Available")
A83: R | B83: 4 | C83: G | D83: 03 | E83: 3 | F83: =A83&B83&"-"&C83&E83&"-"&D83 | G83: 586 | H83: =_xlfn.XLOOKUP(G83,'All Associates'!A:A,'All Associates'!B:B) | I83: =_xlfn.XLOOKUP(G83,'All Associates'!A:A,'All Associates'!D:D) | J83: =IF(G84<>"","Allocated","Available")
A84: R | B84: 4 | C84: G | D84: 04 | E84: 3 | F84: =A84&B84&"-"&C84&E84&"-"&D84 | G84: 722 | H84: =_xlfn.XLOOKUP(G84,'All Associates'!A:A,'All Associates'!B:B) | I84: =_xlfn.XLOOKUP(G84,'All Associates'!A:A,'All Associates'!D:D) | J84: =IF(G82<>"","Allocated","Available")
A85: R | B85: 4 | C85: G | D85: 05 | E85: 3 | F85: =A85&B85&"-"&C85&E85&"-"&D85 | G85: 1144 | H85: GHERASIM GABRIEL | I85: Lungu Oana-Teodora | J85: =IF(G83<>"","Allocated","Available")
A86: R | B86: 4 | C86: G | D86: 06 | E86: 3 | F86: =A86&B86&"-"&C86&E86&"-"&D86 | G86: 2057 | H86: =_xlfn.XLOOKUP(G86,'All Associates'!A:A,'All Associates'!B:B) | I86: =_xlfn.XLOOKUP(G86,'All Associates'!A:A,'All Associates'!D:D) | J86: =IF(G86<>"","Allocated","Available")
A87: R | B87: 4 | C87: G | D87: 07 | E87: 3 | F87: =A87&B87&"-"&C87&E87&"-"&D87 | H87: =_xlfn.XLOOKUP(G87,'All Associates'!A:A,'All Associates'!B:B) | I87: =_xlfn.XLOOKUP(G87,'All Associates'!A:A,'All Associates'!D:D) | J87: =IF(G87<>"","Allocated","Available")
A88: R | B88: 4 | C88: G | D88: 08 | E88: 3 | F88: =A88&B88&"-"&C88&E88&"-"&D88 | G88: 2060 | H88: =_xlfn.XLOOKUP(G88,'All Associates'!A:A,'All Associates'!B:B) | I88: =_xlfn.XLOOKUP(G88,'All Associates'!A:A,'All Associates'!D:D) | J88: =IF(G88<>"","Allocated","Available")
A89: R | B89: 4 | C89: G | D89: 01 | E89: 4 | F89: =A89&B89&"-"&C89&E89&"-"&D89 | G89: 288 | H89: =_xlfn.XLOOKUP(G89,'All Associates'!A:A,'All Associates'!B:B) | I89: =_xlfn.XLOOKUP(G89,'All Associates'!A:A,'All Associates'!D:D) | J89: =IF(G89<>"","Allocated","Available")
A90: R | B90: 4 | C90: G | D90: 02 | E90: 4 | F90: =A90&B90&"-"&C90&E90&"-"&D90 | G90: 266 | H90: =_xlfn.XLOOKUP(G90,'All Associates'!A:A,'All Associates'!B:B) | I90: =_xlfn.XLOOKUP(G90,'All Associates'!A:A,'All Associates'!D:D) | J90: =IF(G90<>"","Allocated","Available")
A91: R | B91: 4 | C91: G | D91: 03 | E91: 4 | F91: =A91&B91&"-"&C91&E91&"-"&D91 | G91: 1135 | H91: =_xlfn.XLOOKUP(G91,'All Associates'!A:A,'All Associates'!B:B) | I91: =_xlfn.XLOOKUP(G91,'All Associates'!A:A,'All Associates'!D:D) | J91: =IF(G91<>"","Allocated","Available")
A92: R | B92: 4 | C92: G | D92: 04 | E92: 4 | F92: =A92&B92&"-"&C92&E92&"-"&D92 | G92: 441 | H92: =_xlfn.XLOOKUP(G92,'All Associates'!A:A,'All Associates'!B:B) | I92: =_xlfn.XLOOKUP(G92,'All Associates'!A:A,'All Associates'!D:D) | J92: =IF(G92<>"","Allocated","Available")
A93: R | B93: 4 | C93: G | D93: 05 | E93: 4 | F93: =A93&B93&"-"&C93&E93&"-"&D93 | G93: 1193 | H93: ALEXANDRA MARIA PITU | I93: Oroian Claudiu Vasile | J93: Allocated
A94: R | B94: 4 | C94: G | D94: 06 | E94: 4 | F94: =A94&B94&"-"&C94&E94&"-"&D94 | H94: =_xlfn.XLOOKUP(G94,'All Associates'!A:A,'All Associates'!B:B) | I94: =_xlfn.XLOOKUP(G94,'All Associates'!A:A,'All Associates'!D:D) | J94: =IF(G94<>"","Allocated","Available")
A95: R | B95: 4 | C95: G | D95: 07 | E95: 4 | F95: =A95&B95&"-"&C95&E95&"-"&D95 | G95: 1152 | H95: =_xlfn.XLOOKUP(G95,'All Associates'!A:A,'All Associates'!B:B) | I95: =_xlfn.XLOOKUP(G95,'All Associates'!A:A,'All Associates'!D:D) | J95: =IF(G95<>"","Allocated","Available")
A96: R | B96: 4 | C96: G | D96: 08 | E96: 4 | F96: =A96&B96&"-"&C96&E96&"-"&D96 | H96: =_xlfn.XLOOKUP(G96,'All Associates'!A:A,'All Associates'!B:B) | I96: =_xlfn.XLOOKUP(G96,'All Associates'!A:A,'All Associates'!D:D) | J96: =IF(G96<>"","Allocated","Available")
A97: R | B97: 4 | C97: G | D97: 01 | E97: M1 | F97: =A97&B97&"-"&C97&E97&"-"&D97 | G97: 164 | H97: =_xlfn.XLOOKUP(G97,'All Associates'!A:A,'All Associates'!B:B) | I97: =_xlfn.XLOOKUP(G97,'All Associates'!A:A,'All Associates'!D:D) | J97: =IF(G97<>"","Allocated","Available")
A98: R | B98: 4 | C98: H | D98: 01 | E98: M1 | F98: =A98&B98&"-"&C98&E98&"-"&D98 | G98: 1119 | H98: =_xlfn.XLOOKUP(G98,'All Associates'!A:A,'All Associates'!B:B) | I98: =_xlfn.XLOOKUP(G98,'All Associates'!A:A,'All Associates'!D:D) | J98: =IF(G98<>"","Allocated","Available")
A99: R | B99: 4 | C99: H | D99: 01 | E99: 1 | F99: =A99&B99&"-"&C99&E99&"-"&D99 | G99: 559 | H99: =_xlfn.XLOOKUP(G99,'All Associates'!A:A,'All Associates'!B:B) | I99: =_xlfn.XLOOKUP(G99,'All Associates'!A:A,'All Associates'!D:D) | J99: =IF(G99<>"","Allocated","Available")
A100: R | B100: 4 | C100: H | D100: 02 | E100: 1 | F100: =A100&B100&"-"&C100&E100&"-"&D100 | G100: 485 | H100: =_xlfn.XLOOKUP(G100,'All Associates'!A:A,'All Associates'!B:B) | I100: =_xlfn.XLOOKUP(G100,'All Associates'!A:A,'All Associates'!D:D) | J100: =IF(G100<>"","Allocated","Available")
...

Sheet Riviera_5
A1: Building | B1: Floor | C1: Area | D1: Desk Number | E1: Row | F1: Desk number | G1: Associate Staff ID - INPUT | H1: Associate Name | I1: 1st line Supervisor | J1: Desk Status | M1: Floor Plan
A2: R | B2: 5 | C2: E | D2: 01 | E2: 1 | F2: =A2&B2&"-"&C2&E2&"-"&D2 | G2: 427 | H2: =_xlfn.XLOOKUP(G2,'All Associates'!A:A,'All Associates'!B:B) | I2: =_xlfn.XLOOKUP(G2,'All Associates'!A:A,'All Associates'!D:D) | J2: =IF(G2<>"","Allocated","Available")
A3: R | B3: 5 | C3: E | D3: 02 | E3: 1 | F3: =A3&B3&"-"&C3&E3&"-"&D3 | G3: 1073 | H3: =_xlfn.XLOOKUP(G3,'All Associates'!A:A,'All Associates'!B:B) | I3: =_xlfn.XLOOKUP(G3,'All Associates'!A:A,'All Associates'!D:D) | J3: =IF(G3<>"","Allocated","Available")
A4: R | B4: 5 | C4: E | D4: 03 | E4: 1 | F4: =A4&B4&"-"&C4&E4&"-"&D4 | G4: 1022 | H4: =_xlfn.XLOOKUP(G4,'All Associates'!A:A,'All Associates'!B:B) | I4: =_xlfn.XLOOKUP(G4,'All Associates'!A:A,'All Associates'!D:D) | J4: =IF(G4<>"","Allocated","Available")
A5: R | B5: 5 | C5: E | D5: 04 | E5: 1 | F5: =A5&B5&"-"&C5&E5&"-"&D5 | G5: 1089 | H5: =_xlfn.XLOOKUP(G5,'All Associates'!A:A,'All Associates'!B:B) | I5: =_xlfn.XLOOKUP(G5,'All Associates'!A:A,'All Associates'!D:D) | J5: =IF(G5<>"","Allocated","Available")
A6: R | B6: 5 | C6: E | D6: 05 | E6: 1 | F6: =A6&B6&"-"&C6&E6&"-"&D6 | H6: =_xlfn.XLOOKUP(G6,'All Associates'!A:A,'All Associates'!B:B) | I6: =_xlfn.XLOOKUP(G6,'All Associates'!A:A,'All Associates'!D:D) | J6: =IF(G6<>"","Allocated","Available")
A7: R | B7: 5 | C7: E | D7: 01 | E7: 2 | F7: =A7&B7&"-"&C7&E7&"-"&D7 | G7: 518 | H7: =_xlfn.XLOOKUP(G7,'All Associates'!A:A,'All Associates'!B:B) | I7: =_xlfn.XLOOKUP(G7,'All Associates'!A:A,'All Associates'!D:D) | J7: =IF(G7<>"","Allocated","Available")
A8: R | B8: 5 | C8: E | D8: 02 | E8: 2 | F8: =A8&B8&"-"&C8&E8&"-"&D8 | G8: 710 | H8: =_xlfn.XLOOKUP(G8,'All Associates'!A:A,'All Associates'!B:B) | I8: =_xlfn.XLOOKUP(G8,'All Associates'!A:A,'All Associates'!D:D) | J8: =IF(G8<>"","Allocated","Available")
A9: R | B9: 5 | C9: E | D9: 03 | E9: 2 | F9: =A9&B9&"-"&C9&E9&"-"&D9 | G9: 1044 | H9: =_xlfn.XLOOKUP(G9,'All Associates'!A:A,'All Associates'!B:B) | I9: =_xlfn.XLOOKUP(G9,'All Associates'!A:A,'All Associates'!D:D) | J9: =IF(G9<>"","Allocated","Available")
A10: R | B10: 5 | C10: E | D10: 04 | E10: 2 | F10: =A10&B10&"-"&C10&E10&"-"&D10 | G10: 980 | H10: =_xlfn.XLOOKUP(G10,'All Associates'!A:A,'All Associates'!B:B) | I10: =_xlfn.XLOOKUP(G10,'All Associates'!A:A,'All Associates'!D:D) | J10: =IF(G10<>"","Allocated","Available")
A11: R | B11: 5 | C11: E | D11: 05 | E11: 2 | F11: =A11&B11&"-"&C11&E11&"-"&D11 | G11: 1180 | H11: =_xlfn.XLOOKUP(G11,'All Associates'!A:A,'All Associates'!B:B) | I11: =_xlfn.XLOOKUP(G11,'All Associates'!A:A,'All Associates'!D:D) | J11: =IF(G11<>"","Allocated","Available")
A12: R | B12: 5 | C12: E | D12: 06 | E12: 2 | F12: =A12&B12&"-"&C12&E12&"-"&D12 | G12: 965 | H12: =_xlfn.XLOOKUP(G12,'All Associates'!A:A,'All Associates'!B:B) | I12: =_xlfn.XLOOKUP(G12,'All Associates'!A:A,'All Associates'!D:D) | J12: =IF(G12<>"","Allocated","Available")
A13: R | B13: 5 | C13: E | D13: 07 | E13: 2 | F13: =A13&B13&"-"&C13&E13&"-"&D13 | H13: =_xlfn.XLOOKUP(G13,'All Associates'!A:A,'All Associates'!B:B) | I13: =_xlfn.XLOOKUP(G13,'All Associates'!A:A,'All Associates'!D:D) | J13: =IF(G13<>"","Allocated","Available")
A14: R | B14: 5 | C14: E | D14: 01 | E14: 3 | F14: =A14&B14&"-"&C14&E14&"-"&D14 | G14: 640 | H14: =_xlfn.XLOOKUP(G14,'All Associates'!A:A,'All Associates'!B:B) | I14: =_xlfn.XLOOKUP(G14,'All Associates'!A:A,'All Associates'!D:D) | J14: =IF(G14<>"","Allocated","Available")
A15: R | B15: 5 | C15: E | D15: 02 | E15: 3 | F15: =A15&B15&"-"&C15&E15&"-"&D15 | G15: 1117 | H15: =_xlfn.XLOOKUP(G15,'All Associates'!A:A,'All Associates'!B:B) | I15: =_xlfn.XLOOKUP(G15,'All Associates'!A:A,'All Associates'!D:D) | J15: =IF(G15<>"","Allocated","Available")
A16: R | B16: 5 | C16: E | D16: 03 | E16: 3 | F16: =A16&B16&"-"&C16&E16&"-"&D16 | G16: 620 | H16: =_xlfn.XLOOKUP(G16,'All Associates'!A:A,'All Associates'!B:B) | I16: =_xlfn.XLOOKUP(G16,'All Associates'!A:A,'All Associates'!D:D) | J16: =IF(G16<>"","Allocated","Available")
A17: R | B17: 5 | C17: E | D17: 04 | E17: 3 | F17: =A17&B17&"-"&C17&E17&"-"&D17 | G17: 1078 | H17: =_xlfn.XLOOKUP(G17,'All Associates'!A:A,'All Associates'!B:B) | I17: =_xlfn.XLOOKUP(G17,'All Associates'!A:A,'All Associates'!D:D) | J17: =IF(G17<>"","Allocated","Available")
A18: R | B18: 5 | C18: E | D18: 05 | E18: 3 | F18: =A18&B18&"-"&C18&E18&"-"&D18 | G18: 707 | H18: =_xlfn.XLOOKUP(G18,'All Associates'!A:A,'All Associates'!B:B) | I18: =_xlfn.XLOOKUP(G18,'All Associates'!A:A,'All Associates'!D:D) | J18: =IF(G18<>"","Allocated","Available")
A19: R | B19: 5 | C19: E | D19: 06 | E19: 3 | F19: =A19&B19&"-"&C19&E19&"-"&D19 | G19: 1074 | H19: =_xlfn.XLOOKUP(G19,'All Associates'!A:A,'All Associates'!B:B) | I19: =_xlfn.XLOOKUP(G19,'All Associates'!A:A,'All Associates'!D:D) | J19: =IF(G19<>"","Allocated","Available")
A20: R | B20: 5 | C20: E | D20: 07 | E20: 3 | F20: =A20&B20&"-"&C20&E20&"-"&D20 | H20: =_xlfn.XLOOKUP(G20,'All Associates'!A:A,'All Associates'!B:B) | I20: =_xlfn.XLOOKUP(G20,'All Associates'!A:A,'All Associates'!D:D) | J20: =IF(G20<>"","Allocated","Available")
A21: R | B21: 5 | C21: E | D21: 08 | E21: 3 | F21: =A21&B21&"-"&C21&E21&"-"&D21 | H21: =_xlfn.XLOOKUP(G21,'All Associates'!A:A,'All Associates'!B:B) | I21: =_xlfn.XLOOKUP(G21,'All Associates'!A:A,'All Associates'!D:D) | J21: =IF(G21<>"","Allocated","Available")
A22: R | B22: 5 | C22: E | D22: 01 | E22: 4 | F22: =A22&B22&"-"&C22&E22&"-"&D22 | G22: 1067 | H22: =_xlfn.XLOOKUP(G22,'All Associates'!A:A,'All Associates'!B:B) | I22: =_xlfn.XLOOKUP(G22,'All Associates'!A:A,'All Associates'!D:D) | J22: =IF(G22<>"","Allocated","Available")
A23: R | B23: 5 | C23: E | D23: 02 | E23: 4 | F23: =A23&B23&"-"&C23&E23&"-"&D23 | G23: 520 | H23: =_xlfn.XLOOKUP(G23,'All Associates'!A:A,'All Associates'!B:B) | I23: =_xlfn.XLOOKUP(G23,'All Associates'!A:A,'All Associates'!D:D) | J23: =IF(G23<>"","Allocated","Available")
A24: R | B24: 5 | C24: E | D24: 03 | E24: 4 | F24: =A24&B24&"-"&C24&E24&"-"&D24 | G24: 1068 | H24: =_xlfn.XLOOKUP(G24,'All Associates'!A:A,'All Associates'!B:B) | I24: =_xlfn.XLOOKUP(G24,'All Associates'!A:A,'All Associates'!D:D) | J24: =IF(G24<>"","Allocated","Available")
A25: R | B25: 5 | C25: E | D25: 04 | E25: 4 | F25: =A25&B25&"-"&C25&E25&"-"&D25 | G25: 1097 | H25: =_xlfn.XLOOKUP(G25,'All Associates'!A:A,'All Associates'!B:B) | I25: =_xlfn.XLOOKUP(G25,'All Associates'!A:A,'All Associates'!D:D) | J25: =IF(G25<>"","Allocated","Available")
A26: R | B26: 5 | C26: E | D26: 05 | E26: 4 | F26: =A26&B26&"-"&C26&E26&"-"&D26 | G26: 1156 | H26: =_xlfn.XLOOKUP(G26,'All Associates'!A:A,'All Associates'!B:B) | I26: =_xlfn.XLOOKUP(G26,'All Associates'!A:A,'All Associates'!D:D) | J26: =IF(G26<>"","Allocated","Available")
A27: R | B27: 5 | C27: E | D27: 06 | E27: 4 | F27: =A27&B27&"-"&C27&E27&"-"&D27 | G27: 1081 | H27: =_xlfn.XLOOKUP(G27,'All Associates'!A:A,'All Associates'!B:B) | I27: =_xlfn.XLOOKUP(G27,'All Associates'!A:A,'All Associates'!D:D) | J27: =IF(G27<>"","Allocated","Available")
A28: R | B28: 5 | C28: F | D28: 01 | E28: 1 | F28: =A28&B28&"-"&C28&E28&"-"&D28 | G28: HW | J28: HW
A29: R | B29: 5 | C29: F | D29: 02 | E29: 1 | F29: =A29&B29&"-"&C29&E29&"-"&D29 | G29: 2047 | H29: =_xlfn.XLOOKUP(G29,'All Associates'!A:A,'All Associates'!B:B) | I29: =_xlfn.XLOOKUP(G29,'All Associates'!A:A,'All Associates'!D:D) | J29: =IF(G29<>"","Allocated","Available")
A30: R | B30: 5 | C30: F | D30: 03 | E30: 1 | F30: =A30&B30&"-"&C30&E30&"-"&D30 | G30: 2058 | H30: =_xlfn.XLOOKUP(G30,'All Associates'!A:A,'All Associates'!B:B) | I30: =_xlfn.XLOOKUP(G30,'All Associates'!A:A,'All Associates'!D:D) | J30: =IF(G30<>"","Allocated","Available")
A31: R | B31: 5 | C31: F | D31: 01 | E31: 2 | F31: =A31&B31&"-"&C31&E31&"-"&D31 | G31: 624 | H31: =_xlfn.XLOOKUP(G31,'All Associates'!A:A,'All Associates'!B:B) | I31: =_xlfn.XLOOKUP(G31,'All Associates'!A:A,'All Associates'!D:D) | J31: =IF(G31<>"","Allocated","Available")
A32: R | B32: 5 | C32: F | D32: 02 | E32: 2 | F32: =A32&B32&"-"&C32&E32&"-"&D32 | G32: 414 | H32: =_xlfn.XLOOKUP(G32,'All Associates'!A:A,'All Associates'!B:B) | I32: =_xlfn.XLOOKUP(G32,'All Associates'!A:A,'All Associates'!D:D) | J32: =IF(G32<>"","Allocated","Available")
A33: R | B33: 5 | C33: F | D33: 03 | E33: 2 | F33: =A33&B33&"-"&C33&E33&"-"&D33 | G33: 550 | H33: =_xlfn.XLOOKUP(G33,'All Associates'!A:A,'All Associates'!B:B) | I33: =_xlfn.XLOOKUP(G33,'All Associates'!A:A,'All Associates'!D:D) | J33: =IF(G33<>"","Allocated","Available")
A34: R | B34: 5 | C34: F | D34: 04 | E34: 2 | F34: =A34&B34&"-"&C34&E34&"-"&D34 | G34: 1210 | H34: =_xlfn.XLOOKUP(G34,'All Associates'!A:A,'All Associates'!B:B) | I34: =_xlfn.XLOOKUP(G34,'All Associates'!A:A,'All Associates'!D:D) | J34: =IF(G34<>"","Allocated","Available")
A35: R | B35: 5 | C35: F | D35: 05 | E35: 2 | F35: =A35&B35&"-"&C35&E35&"-"&D35 | G35: 716 | H35: =_xlfn.XLOOKUP(G35,'All Associates'!A:A,'All Associates'!B:B) | I35: =_xlfn.XLOOKUP(G35,'All Associates'!A:A,'All Associates'!D:D) | J35: =IF(G35<>"","Allocated","Available")
A36: R | B36: 5 | C36: F | D36: 06 | E36: 2 | F36: =A36&B36&"-"&C36&E36&"-"&D36 | G36: 1036 | H36: =_xlfn.XLOOKUP(G36,'All Associates'!A:A,'All Associates'!B:B) | I36: =_xlfn.XLOOKUP(G36,'All Associates'!A:A,'All Associates'!D:D) | J36: =IF(G36<>"","Allocated","Available")
A37: R | B37: 5 | C37: F | D37: 07 | E37: 2 | F37: =A37&B37&"-"&C37&E37&"-"&D37 | G37: 405 | H37: =_xlfn.XLOOKUP(G37,'All Associates'!A:A,'All Associates'!B:B) | I37: =_xlfn.XLOOKUP(G37,'All Associates'!A:A,'All Associates'!D:D) | J37: =IF(G37<>"","Allocated","Available")
A38: R | B38: 5 | C38: F | D38: 08 | E38: 2 | F38: =A38&B38&"-"&C38&E38&"-"&D38 | G38: 363 | H38: =_xlfn.XLOOKUP(G38,'All Associates'!A:A,'All Associates'!B:B) | I38: =_xlfn.XLOOKUP(G38,'All Associates'!A:A,'All Associates'!D:D) | J38: =IF(G38<>"","Allocated","Available")
A39: R | B39: 5 | C39: F | D39: 01 | E39: 3 | F39: =A39&B39&"-"&C39&E39&"-"&D39 | G39: 815 | H39: =_xlfn.XLOOKUP(G39,'All Associates'!A:A,'All Associates'!B:B) | I39: =_xlfn.XLOOKUP(G39,'All Associates'!A:A,'All Associates'!D:D) | J39: =IF(G39<>"","Allocated","Available")
A40: R | B40: 5 | C40: F | D40: 02 | E40: 3 | F40: =A40&B40&"-"&C40&E40&"-"&D40 | G40: 1181 | H40: =_xlfn.XLOOKUP(G40,'All Associates'!A:A,'All Associates'!B:B) | I40: Boghean Andra | J40: =IF(G40<>"","Allocated","Available")
A41: R | B41: 5 | C41: F | D41: 03 | E41: 3 | F41: =A41&B41&"-"&C41&E41&"-"&D41 | G41: 246 | H41: =_xlfn.XLOOKUP(G41,'All Associates'!A:A,'All Associates'!B:B) | I41: =_xlfn.XLOOKUP(G41,'All Associates'!A:A,'All Associates'!D:D) | J41: =IF(G41<>"","Allocated","Available")
A42: R | B42: 5 | C42: F | D42: 04 | E42: 3 | F42: =A42&B42&"-"&C42&E42&"-"&D42 | G42: 922 | H42: =_xlfn.XLOOKUP(G42,'All Associates'!A:A,'All Associates'!B:B) | I42: =_xlfn.XLOOKUP(G42,'All Associates'!A:A,'All Associates'!D:D) | J42: =IF(G42<>"","Allocated","Available")
A43: R | B43: 5 | C43: F | D43: 05 | E43: 3 | F43: =A43&B43&"-"&C43&E43&"-"&D43 | G43: 2038 | H43: =_xlfn.XLOOKUP(G43,'All Associates'!A:A,'All Associates'!B:B) | I43: =_xlfn.XLOOKUP(G43,'All Associates'!A:A,'All Associates'!D:D) | J43: =IF(G43<>"","Allocated","Available")
A44: R | B44: 5 | C44: F | D44: 06 | E44: 3 | F44: =A44&B44&"-"&C44&E44&"-"&D44 | G44: 998 | H44: =_xlfn.XLOOKUP(G44,'All Associates'!A:A,'All Associates'!B:B) | I44: =_xlfn.XLOOKUP(G44,'All Associates'!A:A,'All Associates'!D:D) | J44: =IF(G44<>"","Allocated","Available")
A45: R | B45: 5 | C45: F | D45: 07 | E45: 3 | F45: =A45&B45&"-"&C45&E45&"-"&D45 | H45: =_xlfn.XLOOKUP(G45,'All Associates'!A:A,'All Associates'!B:B) | I45: =_xlfn.XLOOKUP(G45,'All Associates'!A:A,'All Associates'!D:D) | J45: =IF(G45<>"","Allocated","Available")
A46: R | B46: 5 | C46: F | D46: 08 | E46: 3 | F46: =A46&B46&"-"&C46&E46&"-"&D46 | H46: =_xlfn.XLOOKUP(G46,'All Associates'!A:A,'All Associates'!B:B) | I46: =_xlfn.XLOOKUP(G46,'All Associates'!A:A,'All Associates'!D:D) | J46: =IF(G46<>"","Allocated","Available")
A47: R | B47: 5 | C47: F | D47: 01 | E47: 4 | F47: =A47&B47&"-"&C47&E47&"-"&D47 | H47: =_xlfn.XLOOKUP(G47,'All Associates'!A:A,'All Associates'!B:B) | I47: =_xlfn.XLOOKUP(G47,'All Associates'!A:A,'All Associates'!D:D) | J47: =IF(G47<>"","Allocated","Available")
A48: R | B48: 5 | C48: F | D48: 02 | E48: 4 | F48: =A48&B48&"-"&C48&E48&"-"&D48 | H48: =_xlfn.XLOOKUP(G48,'All Associates'!A:A,'All Associates'!B:B) | I48: =_xlfn.XLOOKUP(G48,'All Associates'!A:A,'All Associates'!D:D) | J48: =IF(G48<>"","Allocated","Available")
A49: R | B49: 5 | C49: F | D49: 03 | E49: 4 | F49: =A49&B49&"-"&C49&E49&"-"&D49 | H49: =_xlfn.XLOOKUP(G49,'All Associates'!A:A,'All Associates'!B:B) | I49: =_xlfn.XLOOKUP(G49,'All Associates'!A:A,'All Associates'!D:D) | J49: =IF(G49<>"","Allocated","Available")
A50: R | B50: 5 | C50: F | D50: 04 | E50: 4 | F50: =A50&B50&"-"&C50&E50&"-"&D50 | G50: 2020 | H50: =_xlfn.XLOOKUP(G50,'All Associates'!A:A,'All Associates'!B:B) | I50: =_xlfn.XLOOKUP(G50,'All Associates'!A:A,'All Associates'!D:D) | J50: =IF(G50<>"","Allocated","Available")
A51: R | B51: 5 | C51: F | D51: 05 | E51: 5 | F51: =A51&B51&"-"&C51&E51&"-"&D51 | G51: 968 | H51: =_xlfn.XLOOKUP(G51,'All Associates'!A:A,'All Associates'!B:B) | I51: =_xlfn.XLOOKUP(G51,'All Associates'!A:A,'All Associates'!D:D) | J51: =IF(G51<>"","Allocated","Available")
A52: R | B52: 5 | C52: F | D52: 02 | E52: 5 | F52: =A52&B52&"-"&C52&E52&"-"&D52 | G52: 524 | H52: =_xlfn.XLOOKUP(G52,'All Associates'!A:A,'All Associates'!B:B) | I52: =_xlfn.XLOOKUP(G52,'All Associates'!A:A,'All Associates'!D:D) | J52: =IF(G52<>"","Allocated","Available")
A53: R | B53: 5 | C53: F | D53: 03 | E53: 5 | F53: =A53&B53&"-"&C53&E53&"-"&D53 | G53: 751 | H53: =_xlfn.XLOOKUP(G53,'All Associates'!A:A,'All Associates'!B:B) | I53: =_xlfn.XLOOKUP(G53,'All Associates'!A:A,'All Associates'!D:D) | J53: =IF(G53<>"","Allocated","Available")
A54: R | B54: 5 | C54: F | D54: 04 | E54: 5 | F54: =A54&B54&"-"&C54&E54&"-"&D54 | G54: 391 | H54: =_xlfn.XLOOKUP(G54,'All Associates'!A:A,'All Associates'!B:B) | I54: =_xlfn.XLOOKUP(G54,'All Associates'!A:A,'All Associates'!D:D) | J54: =IF(G54<>"","Allocated","Available")
A55: R | B55: 5 | C55: F | D55: 01 | E55: 5 | F55: =A55&B55&"-"&C55&E55&"-"&D55 | G55: 921 | H55: =_xlfn.XLOOKUP(G55,'All Associates'!A:A,'All Associates'!B:B) | I55: =_xlfn.XLOOKUP(G55,'All Associates'!A:A,'All Associates'!D:D) | J55: =IF(G55<>"","Allocated","Available")
A56: R | B56: 5 | C56: F | D56: 06 | E56: 5 | F56: =A56&B56&"-"&C56&E56&"-"&D56 | G56: 752 | H56: =_xlfn.XLOOKUP(G56,'All Associates'!A:A,'All Associates'!B:B) | I56: =_xlfn.XLOOKUP(G56,'All Associates'!A:A,'All Associates'!D:D) | J56: =IF(G56<>"","Allocated","Available")
A57: R | B57: 5 | C57: F | D57: 07 | E57: 5 | F57: =A57&B57&"-"&C57&E57&"-"&D57 | H57: =_xlfn.XLOOKUP(G57,'All Associates'!A:A,'All Associates'!B:B) | I57: =_xlfn.XLOOKUP(G57,'All Associates'!A:A,'All Associates'!D:D) | J57: =IF(G57<>"","Allocated","Available")
A58: R | B58: 5 | C58: F | D58: 08 | E58: 5 | F58: =A58&B58&"-"&C58&E58&"-"&D58 | H58: =_xlfn.XLOOKUP(G58,'All Associates'!A:A,'All Associates'!B:B) | I58: =_xlfn.XLOOKUP(G58,'All Associates'!A:A,'All Associates'!D:D) | J58: =IF(G58<>"","Allocated","Available")
A59: R | B59: 5 | C59: F | D59: 01 | E59: 6 | F59: =A59&B59&"-"&C59&E59&"-"&D59 | G59: 321 | H59: =_xlfn.XLOOKUP(G59,'All Associates'!A:A,'All Associates'!B:B) | I59: =_xlfn.XLOOKUP(G59,'All Associates'!A:A,'All Associates'!D:D) | J59: =IF(G59<>"","Allocated","Available")
A60: R | B60: 5 | C60: F | D60: 02 | E60: 6 | F60: =A60&B60&"-"&C60&E60&"-"&D60 | G60: 891 | H60: =_xlfn.XLOOKUP(G60,'All Associates'!A:A,'All Associates'!B:B) | I60: =_xlfn.XLOOKUP(G60,'All Associates'!A:A,'All Associates'!D:D) | J60: =IF(G60<>"","Allocated","Available")
A61: R | B61: 5 | C61: F | D61: 03 | E61: 6 | F61: =A61&B61&"-"&C61&E61&"-"&D61 | G61: 411 | H61: =_xlfn.XLOOKUP(G61,'All Associates'!A:A,'All Associates'!B:B) | I61: =_xlfn.XLOOKUP(G61,'All Associates'!A:A,'All Associates'!D:D) | J61: =IF(G61<>"","Allocated","Available")
A62: R | B62: 5 | C62: F | D62: 04 | E62: 6 | F62: =A62&B62&"-"&C62&E62&"-"&D62 | G62: 583 | H62: =_xlfn.XLOOKUP(G62,'All Associates'!A:A,'All Associates'!B:B) | I62: =_xlfn.XLOOKUP(G62,'All Associates'!A:A,'All Associates'!D:D) | J62: =IF(G62<>"","Allocated","Available")
A63: R | B63: 5 | C63: F | D63: 05 | E63: 6 | F63: =A63&B63&"-"&C63&E63&"-"&D63 | H63: =_xlfn.XLOOKUP(G63,'All Associates'!A:A,'All Associates'!B:B) | I63: =_xlfn.XLOOKUP(G63,'All Associates'!A:A,'All Associates'!D:D) | J63: =IF(G63<>"","Allocated","Available")
A64: R | B64: 5 | C64: F | D64: 06 | E64: 6 | F64: =A64&B64&"-"&C64&E64&"-"&D64 | G64: 1127 | H64: =_xlfn.XLOOKUP(G64,'All Associates'!A:A,'All Associates'!B:B) | I64: =_xlfn.XLOOKUP(G64,'All Associates'!A:A,'All Associates'!D:D) | J64: =IF(G64<>"","Allocated","Available")
A65: R | B65: 5 | C65: F | D65: 07 | E65: 6 | F65: =A65&B65&"-"&C65&E65&"-"&D65 | G65: 1080 | H65: =_xlfn.XLOOKUP(G65,'All Associates'!A:A,'All Associates'!B:B) | I65: =_xlfn.XLOOKUP(G65,'All Associates'!A:A,'All Associates'!D:D) | J65: =IF(G65<>"","Allocated","Available")
A66: R | B66: 5 | C66: F | D66: 08 | E66: 6 | F66: =A66&B66&"-"&C66&E66&"-"&D66 | H66: =_xlfn.XLOOKUP(G66,'All Associates'!A:A,'All Associates'!B:B) | I66: =_xlfn.XLOOKUP(G66,'All Associates'!A:A,'All Associates'!D:D) | J66: =IF(G66<>"","Allocated","Available")
A67: R | B67: 5 | C67: F | D67: 01 | E67: M1 | F67: =A67&B67&"-"&C67&E67&"-"&D67 | G67: 225 | H67: =_xlfn.XLOOKUP(G67,'All Associates'!A:A,'All Associates'!B:B) | I67: =_xlfn.XLOOKUP(G67,'All Associates'!A:A,'All Associates'!D:D) | J67: =IF(G67<>"","Allocated","Available")
A68: R | B68: 5 | C68: G | D68: 01 | E68: 1 | F68: =A68&B68&"-"&C68&E68&"-"&D68 | G68: 235 | H68: =_xlfn.XLOOKUP(G68,'All Associates'!A:A,'All Associates'!B:B) | I68: =_xlfn.XLOOKUP(G68,'All Associates'!A:A,'All Associates'!D:D) | J68: =IF(G68<>"","Allocated","Available")
A69: R | B69: 5 | C69: G | D69: 02 | E69: 1 | F69: =A69&B69&"-"&C69&E69&"-"&D69 | G69: 214 | H69: =_xlfn.XLOOKUP(G69,'All Associates'!A:A,'All Associates'!B:B) | I69: =_xlfn.XLOOKUP(G69,'All Associates'!A:A,'All Associates'!D:D) | J69: =IF(G69<>"","Allocated","Available")
A70: R | B70: 5 | C70: G | D70: 03 | E70: 1 | F70: =A70&B70&"-"&C70&E70&"-"&D70 | G70: 589 | H70: =_xlfn.XLOOKUP(G70,'All Associates'!A:A,'All Associates'!B:B) | I70: =_xlfn.XLOOKUP(G70,'All Associates'!A:A,'All Associates'!D:D) | J70: =IF(G70<>"","Allocated","Available")
A71: R | B71: 5 | C71: G | D71: 04 | E71: 1 | F71: =A71&B71&"-"&C71&E71&"-"&D71 | G71: 1229 | H71: =_xlfn.XLOOKUP(G71,'All Associates'!A:A,'All Associates'!B:B) | I71: =_xlfn.XLOOKUP(G71,'All Associates'!A:A,'All Associates'!D:D) | J71: =IF(G71<>"","Allocated","Available")
A72: R | B72: 5 | C72: G | D72: 05 | E72: 1 | F72: =A72&B72&"-"&C72&E72&"-"&D72 | G72: 974 | H72: =_xlfn.XLOOKUP(G72,'All Associates'!A:A,'All Associates'!B:B) | I72: =_xlfn.XLOOKUP(G72,'All Associates'!A:A,'All Associates'!D:D) | J72: =IF(G72<>"","Allocated","Available")
A73: R | B73: 5 | C73: G | D73: 06 | E73: 1 | F73: =A73&B73&"-"&C73&E73&"-"&D73 | G73: 1166 | H73: =_xlfn.XLOOKUP(G73,'All Associates'!A:A,'All Associates'!B:B) | I73: =_xlfn.XLOOKUP(G73,'All Associates'!A:A,'All Associates'!D:D) | J73: =IF(G73<>"","Allocated","Available")
A74: R | B74: 5 | C74: G | D74: 07 | E74: 1 | F74: =A74&B74&"-"&C74&E74&"-"&D74 | H74: =_xlfn.XLOOKUP(G74,'All Associates'!A:A,'All Associates'!B:B) | I74: =_xlfn.XLOOKUP(G74,'All Associates'!A:A,'All Associates'!D:D) | J74: =IF(G74<>"","Allocated","Available")
A75: R | B75: 5 | C75: G | D75: 01 | E75: 2 | F75: =A75&B75&"-"&C75&E75&"-"&D75 | G75: 1087 | H75: =_xlfn.XLOOKUP(G75,'All Associates'!A:A,'All Associates'!B:B) | I75: =_xlfn.XLOOKUP(G75,'All Associates'!A:A,'All Associates'!D:D) | J75: =IF(G75<>"","Allocated","Available")
A76: R | B76: 5 | C76: G | D76: 02 | E76: 2 | F76: =A76&B76&"-"&C76&E76&"-"&D76 | G76: 855 | H76: =_xlfn.XLOOKUP(G76,'All Associates'!A:A,'All Associates'!B:B) | I76: =_xlfn.XLOOKUP(G76,'All Associates'!A:A,'All Associates'!D:D) | J76: =IF(G76<>"","Allocated","Available")
A77: R | B77: 5 | C77: G | D77: 03 | E77: 2 | F77: =A77&B77&"-"&C77&E77&"-"&D77 | G77: 2025 | H77: =_xlfn.XLOOKUP(G77,'All Associates'!A:A,'All Associates'!B:B) | I77: =_xlfn.XLOOKUP(G77,'All Associates'!A:A,'All Associates'!D:D) | J77: =IF(G77<>"","Allocated","Available")
A78: R | B78: 5 | C78: G | D78: 04 | E78: 2 | F78: =A78&B78&"-"&C78&E78&"-"&D78 | G78: 1176 | H78: =_xlfn.XLOOKUP(G78,'All Associates'!A:A,'All Associates'!B:B) | I78: =_xlfn.XLOOKUP(G78,'All Associates'!A:A,'All Associates'!D:D) | J78: =IF(G78<>"","Allocated","Available")
A79: R | B79: 5 | C79: G | D79: 05 | E79: 2 | F79: =A79&B79&"-"&C79&E79&"-"&D79 | H79: =_xlfn.XLOOKUP(G79,'All Associates'!A:A,'All Associates'!B:B) | I79: =_xlfn.XLOOKUP(G79,'All Associates'!A:A,'All Associates'!D:D) | J79: =IF(G79<>"","Allocated","Available")
A80: R | B80: 5 | C80: G | D80: 06 | E80: 2 | F80: =A80&B80&"-"&C80&E80&"-"&D80 | H80: =_xlfn.XLOOKUP(G80,'All Associates'!A:A,'All Associates'!B:B) | I80: =_xlfn.XLOOKUP(G80,'All Associates'!A:A,'All Associates'!D:D) | J80: =IF(G80<>"","Allocated","Available")
A81: R | B81: 5 | C81: G | D81: 01 | E81: 3 | F81: =A81&B81&"-"&C81&E81&"-"&D81 | G81: 587 | H81: =_xlfn.XLOOKUP(G81,'All Associates'!A:A,'All Associates'!B:B) | I81: =_xlfn.XLOOKUP(G81,'All Associates'!A:A,'All Associates'!D:D) | J81: =IF(G81<>"","Allocated","Available")
A82: R | B82: 5 | C82: G | D82: 02 | E82: 3 | F82: =A82&B82&"-"&C82&E82&"-"&D82 | G82: 2063 | H82: =_xlfn.XLOOKUP(G82,'All Associates'!A:A,'All Associates'!B:B) | I82: =_xlfn.XLOOKUP(G82,'All Associates'!A:A,'All Associates'!D:D) | J82: =IF(G82<>"","Allocated","Available")
A83: R | B83: 5 | C83: G | D83: 03 | E83: 3 | F83: =A83&B83&"-"&C83&E83&"-"&D83 | G83: 1050 | H83: =_xlfn.XLOOKUP(G83,'All Associates'!A:A,'All Associates'!B:B) | I83: =_xlfn.XLOOKUP(G83,'All Associates'!A:A,'All Associates'!D:D) | J83: =IF(G83<>"","Allocated","Available")
A84: R | B84: 5 | C84: G | D84: 04 | E84: 3 | F84: =A84&B84&"-"&C84&E84&"-"&D84 | G84: 1134 | H84: =_xlfn.XLOOKUP(G84,'All Associates'!A:A,'All Associates'!B:B) | I84: =_xlfn.XLOOKUP(G84,'All Associates'!A:A,'All Associates'!D:D) | J84: =IF(G84<>"","Allocated","Available")
A85: R | B85: 5 | C85: G | D85: 05 | E85: 3 | F85: =A85&B85&"-"&C85&E85&"-"&D85 | G85: 1077 | H85: =_xlfn.XLOOKUP(G85,'All Associates'!A:A,'All Associates'!B:B) | I85: =_xlfn.XLOOKUP(G85,'All Associates'!A:A,'All Associates'!D:D) | J85: =IF(G85<>"","Allocated","Available")
A86: R | B86: 5 | C86: G | D86: 06 | E86: 3 | F86: =A86&B86&"-"&C86&E86&"-"&D86 | G86: 580 | H86: =_xlfn.XLOOKUP(G86,'All Associates'!A:A,'All Associates'!B:B) | I86: =_xlfn.XLOOKUP(G86,'All Associates'!A:A,'All Associates'!D:D) | J86: =IF(G86<>"","Allocated","Available")
A87: R | B87: 5 | C87: G | D87: 07 | E87: 3 | F87: =A87&B87&"-"&C87&E87&"-"&D87 | G87: 622 | H87: =_xlfn.XLOOKUP(G87,'All Associates'!A:A,'All Associates'!B:B) | I87: =_xlfn.XLOOKUP(G87,'All Associates'!A:A,'All Associates'!D:D) | J87: =IF(G87<>"","Allocated","Available")
A88: R | B88: 5 | C88: G | D88: 08 | E88: 3 | F88: =A88&B88&"-"&C88&E88&"-"&D88 | G88: 2035 | H88: =_xlfn.XLOOKUP(G88,'All Associates'!A:A,'All Associates'!B:B) | I88: =_xlfn.XLOOKUP(G88,'All Associates'!A:A,'All Associates'!D:D) | J88: =IF(G88<>"","Allocated","Available")
A89: R | B89: 5 | C89: G | D89: 01 | E89: 4 | F89: =A89&B89&"-"&C89&E89&"-"&D89 | G89: 1178 | H89: =_xlfn.XLOOKUP(G89,'All Associates'!A:A,'All Associates'!B:B) | I89: =_xlfn.XLOOKUP(G89,'All Associates'!A:A,'All Associates'!D:D) | J89: =IF(G89<>"","Allocated","Available")
A90: R | B90: 5 | C90: G | D90: 02 | E90: 4 | F90: =A90&B90&"-"&C90&E90&"-"&D90 | H90: =_xlfn.XLOOKUP(G90,'All Associates'!A:A,'All Associates'!B:B) | I90: =_xlfn.XLOOKUP(G90,'All Associates'!A:A,'All Associates'!D:D) | J90: =IF(G90<>"","Allocated","Available")
A91: R | B91: 5 | C91: G | D91: 03 | E91: 4 | F91: =A91&B91&"-"&C91&E91&"-"&D91 | G91: 118 | H91: =_xlfn.XLOOKUP(G91,'All Associates'!A:A,'All Associates'!B:B) | I91: =_xlfn.XLOOKUP(G91,'All Associates'!A:A,'All Associates'!D:D) | J91: =IF(G91<>"","Allocated","Available")
A92: R | B92: 5 | C92: G | D92: 04 | E92: 4 | F92: =A92&B92&"-"&C92&E92&"-"&D92 | G92: 327 | H92: =_xlfn.XLOOKUP(G92,'All Associates'!A:A,'All Associates'!B:B) | I92: =_xlfn.XLOOKUP(G92,'All Associates'!A:A,'All Associates'!D:D) | J92: =IF(G92<>"","Allocated","Available")
A93: R | B93: 5 | C93: G | D93: 05 | E93: 4 | F93: =A93&B93&"-"&C93&E93&"-"&D93 | H93: =_xlfn.XLOOKUP(G93,'All Associates'!A:A,'All Associates'!B:B) | I93: =_xlfn.XLOOKUP(G93,'All Associates'!A:A,'All Associates'!D:D) | J93: =IF(G93<>"","Allocated","Available")
A94: R | B94: 5 | C94: G | D94: 06 | E94: 4 | F94: =A94&B94&"-"&C94&E94&"-"&D94 | G94: 2007 | H94: =_xlfn.XLOOKUP(G94,'All Associates'!A:A,'All Associates'!B:B) | I94: =_xlfn.XLOOKUP(G94,'All Associates'!A:A,'All Associates'!D:D) | J94: =IF(G94<>"","Allocated","Available")
A95: R | B95: 5 | C95: G | D95: 07 | E95: 4 | F95: =A95&B95&"-"&C95&E95&"-"&D95 | G95: 1206 | H95: =_xlfn.XLOOKUP(G95,'All Associates'!A:A,'All Associates'!B:B) | I95: =_xlfn.XLOOKUP(G95,'All Associates'!A:A,'All Associates'!D:D) | J95: =IF(G95<>"","Allocated","Available")
A96: R | B96: 5 | C96: G | D96: 08 | E96: 4 | F96: =A96&B96&"-"&C96&E96&"-"&D96 | G96: 2005 | H96: =_xlfn.XLOOKUP(G96,'All Associates'!A:A,'All Associates'!B:B) | I96: =_xlfn.XLOOKUP(G96,'All Associates'!A:A,'All Associates'!D:D) | J96: =IF(G96<>"","Allocated","Available")
A97: R | B97: 5 | C97: G | D97: 01 | E97: M1 | F97: =A97&B97&"-"&C97&E97&"-"&D97 | G97: 982 | H97: =_xlfn.XLOOKUP(G97,'All Associates'!A:A,'All Associates'!B:B) | I97: =_xlfn.XLOOKUP(G97,'All Associates'!A:A,'All Associates'!D:D) | J97: =IF(G97<>"","Allocated","Available")
A98: R | B98: 5 | C98: H | D98: 01 | E98: M1 | F98: =A98&B98&"-"&C98&E98&"-"&D98 | G98: 51 | H98: =_xlfn.XLOOKUP(G98,'All Associates'!A:A,'All Associates'!B:B) | I98: =_xlfn.XLOOKUP(G98,'All Associates'!A:A,'All Associates'!D:D) | J98: =IF(G98<>"","Allocated","Available")
A99: R | B99: 5 | C99: H | D99: 01 | E99: 1 | F99: =A99&B99&"-"&C99&E99&"-"&D99 | G99: 342 | H99: =_xlfn.XLOOKUP(G99,'All Associates'!A:A,'All Associates'!B:B) | I99: =_xlfn.XLOOKUP(G99,'All Associates'!A:A,'All Associates'!D:D) | J99: =IF(G99<>"","Allocated","Available")
A100: R | B100: 5 | C100: H | D100: 02 | E100: 1 | F100: =A100&B100&"-"&C100&E100&"-"&D100 | G100: 277 | H100: =_xlfn.XLOOKUP(G100,'All Associates'!A:A,'All Associates'!B:B) | I100: =_xlfn.XLOOKUP(G100,'All Associates'!A:A,'All Associates'!D:D) | J100: =IF(G100<>"","Allocated","Available")
...

Sheet All_Desks
A1: Building | B1: Floor | C1: Area | D1: Desk Number | E1: Row | F1: Desk number - Final
A2: T | B2: 3 | C2: A | D2: 01 | E2: 1 | F2: =A2&B2&"-"&C2&E2&"-"&D2
A3: T | B3: 3 | C3: A | D3: 02 | E3: 1 | F3: =A3&B3&"-"&C3&E3&"-"&D3
A4: T | B4: 3 | C4: A | D4: 03 | E4: 1 | F4: =A4&B4&"-"&C4&E4&"-"&D4
A5: T | B5: 3 | C5: A | D5: 04 | E5: 1 | F5: =A5&B5&"-"&C5&E5&"-"&D5
A6: T | B6: 3 | C6: A | D6: 05 | E6: 1 | F6: =A6&B6&"-"&C6&E6&"-"&D6
A7: T | B7: 3 | C7: A | D7: 06 | E7: 1 | F7: =A7&B7&"-"&C7&E7&"-"&D7
A8: T | B8: 3 | C8: A | D8: 07 | E8: 1 | F8: =A8&B8&"-"&C8&E8&"-"&D8
A9: T | B9: 3 | C9: A | D9: 08 | E9: 1 | F9: =A9&B9&"-"&C9&E9&"-"&D9
A10: T | B10: 3 | C10: A | D10: 01 | E10: 2 | F10: =A10&B10&"-"&C10&E10&"-"&D10
A11: T | B11: 3 | C11: A | D11: 02 | E11: 2 | F11: =A11&B11&"-"&C11&E11&"-"&D11
A12: T | B12: 3 | C12: A | D12: 03 | E12: 2 | F12: =A12&B12&"-"&C12&E12&"-"&D12
A13: T | B13: 3 | C13: A | D13: 04 | E13: 2 | F13: =A13&B13&"-"&C13&E13&"-"&D13
... A18: T | B18: 3 | C18: A | D18: 01 | E18: 3 | F18: =A18&B18&"-"&C18&E18&"-"&D18
A19: T | B19: 3 | C19: A | D19: 01 | E19: M | F19: =A19&B19&"-"&C19&E19&"-"&D19
A20: T | B20: 3 | C20: B | D20: 01 | E20: 1 | F20: =A20&B20&"-"&C20&E20&"-"&D20
A21: T | B21: 3 | C21: B | D21: 02 | E21: 1 | F21: =A21&B21&"-"&C21&E21&"-"&D21
A22: T | B22: 3 | C22: B | D22: 03 | E22: 1 | F22: =A22&B22&"-"&C22&E22&"-"&D22
A23: T | B23: 3 | C23: B | D23: 04 | E23: 1 | F23: =A23&B23&"-"&C23&E23&"-"&D23
A24: T | B24: 3 | C24: B | D24: 02 | E24: M | F24: =A24&B24&"-"&C24&E24&"-"&D24
A25: T | B25: 3 | C25: C | D25: 01 | E25: 1 | F25: =A25&B25&"-"&C25&E25&"-"&D25
A26: T | B26: 3 | C26: C | D26: 02 | E26: 1 | F26: =A26&B26&"-"&C26&E26&"-"&D26
A27: T | B27: 3 | C27: C | D27: 03 | E27: 1 | F27: =A27&B27&"-"&C27&E27&"-"&D27
A28: T | B28: 3 | C28: C | D28: 04 | E28: 1 | F28: =A28&B28&"-"&C28&E28&"-"&D28
A29: T | B29: 3 | C29: C | D29: 05 | E29: 1 | F29: =A29&B29&"-"&C29&E29&"-"&D29
A30: T | B30: 3 | C30: C | D30: 06 | E30: 1 | F30: =A30&B30&"-"&C30&E30&"-"&D30
A31: T | B31: 3 | C31: C | D31: 07 | E31: 1 | F31: =A31&B31&"-"&C31&E31&"-"&D31
A32: T | B32: 3 | C32: C | D32: 08 | E32: 1 | F32: =A32&B32&"-"&C32&E32&"-"&D32
A33: T | B33: 3 | C33: C | D33: 01 | E33: 2 | F33: =A33&B33&"-"&C33&E33&"-"&D33
A34: T | B34: 3 | C34: C | D34: 02 | E34: 2 | F34: =A34&B34&"-"&C34&E34&"-"&D34
A35: T | B35: 3 | C35: C | D35: 03 | E35: 2 | F35: =A35&B35&"-"&C35&E35&"-"&D35
A36: T | B36: 3 | C36: C | D36: 04 | E36: 2 | F36: =A36&B36&"-"&C36&E36&"-"&D36
... A65: T | B65: 3 | C65: C | D65: 01 | E65: 7 | F65: =A65&B65&"-"&C65&E65&"-"&D65
A66: T | B66: 3 | C66: D | D66: 03 | E66: M | F66: =A66&B66&"-"&C66&E66&"-"&D66
A67: T | B67: 3 | C67: D | D67: 04 | E67: M | F67: =A67&B67&"-"&C67&E67&"-"&D67
A68: T | B68: 3 | C68: D | D68: 05 | E68: M | F68: =A68&B68&"-"&C68&E68&"-"&D68
A69: T | B69: 3 | C69: D | D69: 06 | E69: M | F69: =A69&B69&"-"&C69&E69&"-"&D69
A70: T | B70: 3 | C70: D | D70: 01 | E70: 1 | F70: =A70&B70&"-"&C70&E70&"-"&D70
A71: T | B71: 3 | C71: D | D71: 02 | E71: 1 | F71: =A71&B71&"-"&C71&E71&"-"&D71
A72: T | B72: 3 | C72: D | D72: 03 | E72: 1 | F72: =A72&B72&"-"&C72&E72&"-"&D72
A73: T | B73: 3 | C73: D | D73: 04 | E73: 1 | F73: =A73&B73&"-"&C73&E73&"-"&D73
A74: T | B74: 3 | C74: D | D74: 05 | E74: 1 | F74: =A74&B74&"-"&C74&E74&"-"&D74
A75: T | B75: 3 | C75: D | D75: 06 | E75: 1 | F75: =A75&B75&"-"&C75&E75&"-"&D75
A76: T | B76: 3 | C76: D | D76: 01 | E76: 2 | F76: =A76&B76&"-"&C76&E76&"-"&D76
A77: T | B77: 3 | C77: D | D77: 02 | E77: 2 | F77: =A77&B77&"-"&C77&E77&"-"&D77
A78: T | B78: 3 | C78: D | D78: 03 | E78: 2 | F78: =A78&B78&"-"&C78&E78&"-"&D78
A79: T | B79: 3 | C79: D | D79: 04 | E79: 2 | F79: =A79&B79&"-"&C79&E79&"-"&D79
A80: T | B80: 3 | C80: D | D80: 05 | E80: 2 | F80: =A80&B80&"-"&C80&E80&"-"&D80
A81: T | B81: 3 | C81: D | D81: 06 | E81: 2 | F81: =A81&B81&"-"&C81&E81&"-"&D81
... A105: T | B105: 4 | C105: A | D105: 08 | E105: 3 | F105: =A105&B105&"-"&C105&E105&"-"&D105
A106: T | B106: 4 | C106: A | D106: 03 | E106: M | F106: =A106&B106&"-"&C106&E106&"-"&D106
A107: T | B107: 4 | C107: A | D107: 1 | E107: 4 | F107: =A107&B107&"-"&C107&E107&"-"&D107
A108: T | B108: 4 | C108: A | D108: 2 | E108: 4 | F108: =A108&B108&"-"&C108&E108&"-"&D108
A109: T | B109: 4 | C109: A | D109: 3 | E109: 4 | F109: =A109&B109&"-"&C109&E109&"-"&D109
A110: T | B110: 4 | C110: A | D110: 4 | E110: 4 | F110: =A110&B110&"-"&C110&E110&"-"&D110
A111: T | B111: 4 | C111: B | D111: 01 | E111: 1 | F111: =A111&B111&"-"&C111&E111&"-"&D111
A112: T | B112: 4 | C112: B | D112: 02 | E112: 1 | F112: =A112&B112&"-"&C112&E112&"-"&D112
A113: T | B113: 4 | C113: B | D113: 03 | E113: 1 | F113: =A113&B113&"-"&C113&E113&"-"&D113
A114: T | B114: 4 | C114: B | D114: 04 | E114: 1 | F114: =A114&B114&"-"&C114&E114&"-"&D114
A115: T | B115: 4 | C115: B | D115: 05 | E115: 1 | F115: =A115&B115&"-"&C115&E115&"-"&D115
A116: T | B116: 4 | C116: B | D116: 01 | E116: 2 | F116: =A116&B116&"-"&C116&E116&"-"&D116
A117: T | B117: 4 | C117: B | D117: 02 | E117: 2 | F117: =A117&B117&"-"&C117&E117&"-"&D117
A118: T | B118: 4 | C118: B | D118: 03 | E118: 2 | F118: =A118&B118&"-"&C118&E118&"-"&D118
A119: T | B119: 4 | C119: B | D119: 04 | E119: 2 | F119: =A119&B119&"-"&C119&E119&"-"&D119
A120: T | B120: 4 | C120: B | D120: 05 | E120: 2 | F120: =A120&B120&"-"&C120&E120&"-"&D120
A121: T | B121: 4 | C121: B | D121: 06 | E121: 2 | F121: =A121&B121&"-"&C121&E121&"-"&D121
A122: T | B122: 4 | C122: C | D122: 01 | E122: 1 | F122: =A122&B122&"-"&C122&E122&"-"&D122
... A157: T | B157: 4 | C157: C | D157: 06 | E157: 6 | F157: =A157&B157&"-"&C157&E157&"-"&D157
A158: T | B158: 4 | C158: C | D158: 01 | E158: M | F158: =A158&B158&"-"&C158&E158&"-"&D158
A159: T | B159: 4 | C159: C | D159: 02 | E159: M | F159: =A159&B159&"-"&C159&E159&"-"&D159
A160: T | B160: 4 | C160: D | D160: 01 | E160: 1 | F160: =A160&B160&"-"&C160&E160&"-"&D160
A161: T | B161: 4 | C161: D | D161: 02 | E161: 1 | F161: =A161&B161&"-"&C161&E161&"-"&D161
A162: T | B162: 4 | C162: D | D162: 03 | E162: 1 | F162: =A162&B162&"-"&C162&E162&"-"&D162
A163: T | B163: 4 | C163: D | D163: 04 | E163: 1 | F163: =A163&B163&"-"&C163&E163&"-"&D163
A164: T | B164: 4 | C164: D | D164: 05 | E164: 1 | F164: =A164&B164&"-"&C164&E164&"-"&D164
A165: T | B165: 4 | C165: D | D165: 06 | E165: 1 | F165: =A165&B165&"-"&C165&E165&"-"&D165
A166: T | B166: 4 | C166: D | D166: 01 | E166: 2 | F166: =A166&B166&"-"&C166&E166&"-"&D166
A167: T | B167: 4 | C167: D | D167: 02 | E167: 2 | F167: =A167&B167&"-"&C167&E167&"-"&D167
A168: T | B168: 4 | C168: D | D168: 03 | E168: 2 | F168: =A168&B168&"-"&C168&E168&"-"&D168
A169: T | B169: 4 | C169: D | D169: 04 | E169: 2 | F169: =A169&B169&"-"&C169&E169&"-"&D169
A170: T | B170: 4 | C170: D | D170: 05 | E170: 2 | F170: =A170&B170&"-"&C170&E170&"-"&D170
A171: T | B171: 4 | C171: D | D171: 06 | E171: 2 | F171: =A171&B171&"-"&C171&E171&"-"&D171
... A207: T | B207: 5 | C207: A | D207: 08 | E207: 3 | F207: =A207&B207&"-"&C207&E207&"-"&D207
A208: T | B208: 5 | C208: A | D208: 03 | E208: M | F208: =A208&B208&"-"&C208&E208&"-"&D208
A209: T | B209: 5 | C209: A | D209: 1 | E209: 4 | F209: =A209&B209&"-"&C209&E209&"-"&D209
A210: T | B210: 5 | C210: A | D210: 2 | E210: 4 | F210: =A210&B210&"-"&C210&E210&"-"&D210
A211: T | B211: 5 | C211: A | D211: 3 | E211: 4 | F211: =A211&B211&"-"&C211&E211&"-"&D211
A212: T | B212: 5 | C212: A | D212: 4 | E212: 4 | F212: =A212&B212&"-"&C212&E212&"-"&D212
A213: T | B213: 5 | C213: B | D213: 01 | E213: 1 | F213: =A213&B213&"-"&C213&E213&"-"&D213
A214: T | B214: 5 | C214: B | D214: 02 | E214: 1 | F214: =A214&B214&"-"&C214&E214&"-"&D214
A215: T | B215: 5 | C215: B | D215: 03 | E215: 1 | F215: =A215&B215&"-"&C215&E215&"-"&D215
A216: T | B216: 5 | C216: B | D216: 04 | E216: 1 | F216: =A216&B216&"-"&C216&E216&"-"&D216
A217: T | B217: 5 | C217: B | D217: 05 | E217: 1 | F217: =A217&B217&"-"&C217&E217&"-"&D217
A218: T | B218: 5 | C218: B | D218: 01 | E218: 2 | F218: =A218&B218&"-"&C218&E218&"-"&D218
A219: T | B219: 5 | C219: B | D219: 02 | E219: 2 | F219: =A219&B219&"-"&C219&E219&"-"&D219
A220: T | B220: 5 | C220: B | D220: 03 | E220: 2 | F220: =A220&B220&"-"&C220&E220&"-"&D220
A221: T | B221: 5 | C221: B | D221: 04 | E221: 2 | F221: =A221&B221&"-"&C221&E221&"-"&D221
A222: T | B222: 5 | C222: B | D222: 05 | E222: 2 | F222: =A222&B222&"-"&C222&E222&"-"&D222
A223: T | B223: 5 | C223: B | D223: 06 | E223: 2 | F223: =A223&B223&"-"&C223&E223&"-"&D223
A224: T | B224: 5 | C224: C | D224: 01 | E224: 1 | F224: =A224&B224&"-"&C224&E224&"-"&D224
...

Sheet All_Desks_Pivot
A3: Count of Desk number - Final | B3: Column Labels
A4: Row Labels | B4: A | C4: B | D4: C | E4: D | F4: E | G4: F | H4: G | I4: H | J4: Grand Total
A5: T | B5: 105 | C5: 38 | D5: 155 | E5: 88 | J5: 386
A6: 3 | B6: 18 | C6: 5 | D6: 41 | E6: 16 | J6: 80
A7: 4 | B7: 29 | C7: 11 | D7: 38 | E7: 24 | J7: 102
A8: 5 | B8: 29 | C8: 11 | D8: 38 | E8: 24 | J8: 102
A9: 6 | B9: 29 | C9: 11 | D9: 38 | E9: 24 | J9: 102
A10: R | F10: 66 | G10: 87 | H10: 81 | I10: 87 | J10: 321
A11: 3 | F11: 22 | G11: 29 | H11: 27 | I11: 29 | J11: 107
A12: 4 | F12: 22 | G12: 29 | H12: 27 | I12: 29 | J12: 107
A13: 5 | F13: 22 | G13: 29 | H13: 27 | I13: 29 | J13: 107
A14: Grand Total | B14: 105 | C14: 38 | D14: 155 | E14: 88 | F14: 66 | G14: 87 | H14: 81 | I14: 87 | J14: 707

Sheet Team Allocation
A3: Team | B3: Department Lead | C3: Set-up | D3: Tower 3 | E3: Tower 4 | F3: Tower 5 | G3: Tower 6 | H3: Riviera 3 | I3: Riviera 4 | J3: Riviera 5
A4: Outdoor | B4: Gujan Ioan-Samuel | C4: Engineering - standard | F4: 43 | G4: 102
A5: Aviation | B5: Maxim Ioana Maria | C5: Engineering - custom simple | F5: 62
A6: IT Applications | B6: Har Daniel-Cristian | C6: Engineering - standard | E6: 102
A7: IT Security - Cyber | B7: Scurt Eugen | C7: IT - standard, custom simple, LAB | D7: 37.62
A8: IT Services | B8: Mateescu Bogdan Catalin | C8: IT - custom advanced | D8: 15
A9: HR | B9: Paduret Dan | C9: Administration - standard | D9: 10.17
A10: Finance & Administration | B10: Paduret Dan | C10: Administration - custom | D10: 9.04
A11: Communications | B11: Paduret Dan | C11: Administration - standard | D11: 2.26
A12: Administration | B12: Paduret Dan | C12: Administration - standard | D12: 1.13
A13: Facility | B13: Paduret Dan | C13: Administration - custom | D13: 1.13
A14: Reverse Logistics | B14: Paduret Dan | C14: Administration - custom | D14: 2
A15: Director General | B15: Paduret Dan | C15: Administration - Director General | D15: 1.13
A16: Reception | B16: Paduret Dan | C16: Reception | D16: 1.13
D17: =SUM(D4:D16) | E17: =SUM(E4:E16) | F17: =SUM(F4:F16) | G17: =SUM(G4:G16)
A22: Team | B22: Department Lead | C22: Set-up | D22: Tower 3 | E22: Tower 4 | F22: Tower 5 | G22: Tower 6 | H22: Riviera 3 | I22: Riviera 4 | J22: Riviera 5
A23: DI | B23: Adiaconitei Andrei | C23: Engineering - standard | I23: 43 | J23: 107
A24: DI - API | B24: Chifor Petru-Andrei | C24: Engineering - standard | I24: 43
A25: Core Software Engineering Services | B25: Chifor Petru-Andrei | C25: Engineering - standard | I25: 4
A26: AUTO OEM | B26: Maxim Ioana Maria | C26: Engineering - custom advanced A+B | H26: 48
A27: Marine | B27: Tiplea Tudor Mihai | C27: Engineering - custom simple | H27: 59
A28: Garmin Labs | B28: Tiplea Tudor Mihai | C28: Engineering - standard | H28: 15
H29: =SUM(H23:H28) | I29: =SUM(I23:I28) | J29: =SUM(J23:J28)

Sheet All Associates
A1: Marca | B1: Nume si prenume | C1: Stare | D1: 1st line Supervisor | E1: 2nd line Supervisor | F1: 3rd line Supervisor | G1: Department Leader | H1: Sub CC | I1: Check Allocation | J1: Status Check Allocation | L1: upcoming associates (June)- Staff ID to be updated | M1: Parental Leave | N1: Bucharest Office | O1: angajati luna mai | P1: Interns 2026 - Start date July - Staff ID to be updated | Q1: Leavers May as of 18- May-25, ar tb stearsa alocarea
A2: 519 | B2: MELANIE HOWELL | C2: Suspendat | D2: JAMES EDWARDS | E2: DR. DIANA CARROLL | F2: HEATHER SOLIS | G2: HEATHER SOLIS | H2: 138-1 | I2: =COUNTIF(Tower_3!G:G,'All Associates'!A2)+COUNTIF(Tower_4!G:G,'All Associates'!A2)+COUNTIF(Tower_5!G:G,'All Associates'!A2)+COUNTIF(Tower_6!G:G,'All Associates'!A2)+COUNTIF(Riviera_3!G:G,'All Associates'!A2)+COUNTIF(Riviera_4!G:G,'All Associates'!A2)+COUNTIF(Riviera_5!G:G,'All Associates'!A2) | J2: =IF(I2=0,"Not Allocated",IF(I2=1,"Allocated","Duplicate"))
A3: 937 | B3: SAMANTHA BAKER | C3: Activ | D3: STEPHANIE PERKINS | E3: MR. MICHAEL KELLY | F3: HEATHER SOLIS | G3: HEATHER SOLIS | H3: 138-2 | I3: =COUNTIF(Tower_3!G:G,'All Associates'!A3)+COUNTIF(Tower_4!G:G,'All Associates'!A3)+COUNTIF(Tower_5!G:G,'All Associates'!A3)+COUNTIF(Tower_6!G:G,'All Associates'!A3)+COUNTIF(Riviera_3!G:G,'All Associates'!A3)+COUNTIF(Riviera_4!G:G,'All Associates'!A3)+COUNTIF(Riviera_5!G:G,'All Associates'!A3) | J3: =IF(I3=0,"Not Allocated",IF(I3=1,"Allocated","Duplicate"))
A4: 911 | B4: WILLIAM PETERSON | C4: Activ | D4: KATHRYN ABBOTT | E4: ALEXANDER MILLER | F4: KIMBERLY CLARK | G4: ALEXANDER MILLER | H4: 135-1 | I4: =COUNTIF(Tower_3!G:G,'All Associates'!A4)+COUNTIF(Tower_4!G:G,'All Associates'!A4)+COUNTIF(Tower_5!G:G,'All Associates'!A4)+COUNTIF(Tower_6!G:G,'All Associates'!A4)+COUNTIF(Riviera_3!G:G,'All Associates'!A4)+COUNTIF(Riviera_4!G:G,'All Associates'!A4)+COUNTIF(Riviera_5!G:G,'All Associates'!A4) | J4: =IF(I4=0,"Not Allocated",IF(I4=1,"Allocated","Duplicate"))
A5: 509 | B5: PATRICK THOMPSON | C5: Activ | D5: BETH TUCKER | E5: KIMBERLY CLARK | F5: KIMBERLY CLARK | G5: KIMBERLY CLARK | H5: 156-2 | I5: =COUNTIF(Tower_3!G:G,'All Associates'!A5)+COUNTIF(Tower_4!G:G,'All Associates'!A5)+COUNTIF(Tower_5!G:G,'All Associates'!A5)+COUNTIF(Tower_6!G:G,'All Associates'!A5)+COUNTIF(Riviera_3!G:G,'All Associates'!A5)+COUNTIF(Riviera_4!G:G,'All Associates'!A5)+COUNTIF(Riviera_5!G:G,'All Associates'!A5) | J5: =IF(I5=0,"Not Allocated",IF(I5=1,"Allocated","Duplicate"))
A6: 1072 | B6: VANESSA RODRIGUEZ | C6: Activ | D6: AMY ROBERTS | E6: BETH TUCKER | F6: KIMBERLY CLARK | G6: KIMBERLY CLARK | H6: 156-2 | I6: =COUNTIF(Tower_3!G:G,'All Associates'!A6)+COUNTIF(Tower_4!G:G,'All Associates'!A6)+COUNTIF(Tower_5!G:G,'All Associates'!A6)+COUNTIF(Tower_6!G:G,'All Associates'!A6)+COUNTIF(Riviera_3!G:G,'All Associates'!A6)+COUNTIF(Riviera_4!G:G,'All Associates'!A6)+COUNTIF(Riviera_5!G:G,'All Associates'!A6) | J6: =IF(I6=0,"Not Allocated",IF(I6=1,"Allocated","Duplicate"))
A7: 875 | B7: COLLEEN HAMPTON | C7: Activ | D7: SUMMER BARRETT | E7: ALEXANDER MILLER | F7: KIMBERLY CLARK | G7: ALEXANDER MILLER | H7: 135-1 | I7: =COUNTIF(Tower_3!G:G,'All Associates'!A7)+COUNTIF(Tower_4!G:G,'All Associates'!A7)+COUNTIF(Tower_5!G:G,'All Associates'!A7)+COUNTIF(Tower_6!G:G,'All Associates'!A7)+COUNTIF(Riviera_3!G:G,'All Associates'!A7)+COUNTIF(Riviera_4!G:G,'All Associates'!A7)+COUNTIF(Riviera_5!G:G,'All Associates'!A7) | J7: =IF(I7=0,"Not Allocated",IF(I7=1,"Allocated","Duplicate"))
A8: 530 | B8: JOSHUA MASON | C8: Activ | D8: MS. KAITLIN WILKINSON | E8: ALEXANDER BAUTISTA | F8: HEATHER SOLIS | G8: HEATHER SOLIS | H8: 138-1 | I8: =COUNTIF(Tower_3!G:G,'All Associates'!A8)+COUNTIF(Tower_4!G:G,'All Associates'!A8)+COUNTIF(Tower_5!G:G,'All Associates'!A8)+COUNTIF(Tower_6!G:G,'All Associates'!A8)+COUNTIF(Riviera_3!G:G,'All Associates'!A8)+COUNTIF(Riviera_4!G:G,'All Associates'!A8)+COUNTIF(Riviera_5!G:G,'All Associates'!A8) | J8: =IF(I8=0,"Not Allocated",IF(I8=1,"Allocated","Duplicate"))
A9: 483 | B9: JAMES RICE | C9: Activ | D9: STEPHANIE WEAVER | E9: MARISSA CROSS | F9: KIMBERLY CLARK | G9: MARISSA CROSS | H9: 220-2 | I9: =COUNTIF(Tower_3!G:G,'All Associates'!A9)+COUNTIF(Tower_4!G:G,'All Associates'!A9)+COUNTIF(Tower_5!G:G,'All Associates'!A9)+COUNTIF(Tower_6!G:G,'All Associates'!A9)+COUNTIF(Riviera_3!G:G,'All Associates'!A9)+COUNTIF(Riviera_4!G:G,'All Associates'!A9)+COUNTIF(Riviera_5!G:G,'All Associates'!A9) | J9: =IF(I9=0,"Not Allocated",IF(I9=1,"Allocated","Duplicate"))
A10: 1081 | B10: MARK PRICE | C10: Activ | D10: DIANE PETERSEN | E10: DR. DIANA CARROLL | F10: HEATHER SOLIS | G10: HEATHER SOLIS | H10: 138-1 | I10: =COUNTIF(Tower_3!G:G,'All Associates'!A10)+COUNTIF(Tower_4!G:G,'All Associates'!A10)+COUNTIF(Tower_5!G:G,'All Associates'!A10)+COUNTIF(Tower_6!G:G,'All Associates'!A10)+COUNTIF(Riviera_3!G:G,'All Associates'!A10)+COUNTIF(Riviera_4!G:G,'All Associates'!A10)+COUNTIF(Riviera_5!G:G,'All Associates'!A10) | J10: =IF(I10=0,"Not Allocated",IF(I10=1,"Allocated","Duplicate"))
A11: 775 | B11: CRAIG HOGAN | C11: Activ | D11: ROBERT MUELLER | E11: CHAD PEREZ | F11: MARISSA CROSS | G11: MARISSA CROSS | H11: 220-2 | I11: =COUNTIF(Tower_3!G:G,'All Associates'!A11)+COUNTIF(Tower_4!G:G,'All Associates'!A11)+COUNTIF(Tower_5!G:G,'All Associates'!A11)+COUNTIF(Tower_6!G:G,'All Associates'!A11)+COUNTIF(Riviera_3!G:G,'All Associates'!A11)+COUNTIF(Riviera_4!G:G,'All Associates'!A11)+COUNTIF(Riviera_5!G:G,'All Associates'!A11) | J11: =IF(I11=0,"Not Allocated",IF(I11=1,"Allocated","Duplicate"))
A12: 518 | B12: BENJAMIN POOLE | C12: Activ | D12: MR. MICHAEL KELLY | E12: HEATHER SOLIS | F12: KIMBERLY CLARK | G12: HEATHER SOLIS | H12: 138-2 | I12: =COUNTIF(Tower_3!G:G,'All Associates'!A12)+COUNTIF(Tower_4!G:G,'All Associates'!A12)+COUNTIF(Tower_5!G:G,'All Associates'!A12)+COUNTIF(Tower_6!G:G,'All Associates'!A12)+COUNTIF(Riviera_3!G:G,'All Associates'!A12)+COUNTIF(Riviera_4!G:G,'All Associates'!A12)+COUNTIF(Riviera_5!G:G,'All Associates'!A12) | J12: =IF(I12=0,"Not Allocated",IF(I12=1,"Allocated","Duplicate"))
A13: 1225 | B13: BRITTANY JACKSON | C13: Activ | D13: PHILLIP TRAVIS | E13: KIMBERLY CLARK | F13: KIMBERLY CLARK | G13: PHILLIP TRAVIS | H13: 156-1 | I13: =COUNTIF(Tower_3!G:G,'All Associates'!A13)+COUNTIF(Tower_4!G:G,'All Associates'!A13)+COUNTIF(Tower_5!G:G,'All Associates'!A13)+COUNTIF(Tower_6!G:G,'All Associates'!A13)+COUNTIF(Riviera_3!G:G,'All Associates'!A13)+COUNTIF(Riviera_4!G:G,'All Associates'!A13)+COUNTIF(Riviera_5!G:G,'All Associates'!A13) | J13: =IF(I13=0,"Not Allocated",IF(I13=1,"Allocated","Duplicate"))
... A579: 1247 | B579: CHRISTIAN NGUYEN | C579: Activ | D579: CHRISTINE WALTON DDS | E579: ADAM SMITH | F579: PHILLIP TRAVIS | G579: PHILLIP TRAVIS | H579: 156-1 | I579: =COUNTIF(Tower_3!G:G,'All Associates'!A579)+COUNTIF(Tower_4!G:G,'All Associates'!A579)+COUNTIF(Tower_5!G:G,'All Associates'!A579)+COUNTIF(Tower_6!G:G,'All Associates'!A579)+COUNTIF(Riviera_3!G:G,'All Associates'!A579)+COUNTIF(Riviera_4!G:G,'All Associates'!A579)+COUNTIF(Riviera_5!G:G,'All Associates'!A579) | J579: =IF(I579=0,"Not Allocated",IF(I579=1,"Allocated","Duplicate"))
A580: 2001 | B580: JENNIFER PARKER | D580: LYDIA JACKSON | G580: HEATHER SOLIS | H580: 138-1 | I580: =COUNTIF(Tower_3!G:G,'All Associates'!A580)+COUNTIF(Tower_4!G:G,'All Associates'!A580)+COUNTIF(Tower_5!G:G,'All Associates'!A580)+COUNTIF(Tower_6!G:G,'All Associates'!A580)+COUNTIF(Riviera_3!G:G,'All Associates'!A580)+COUNTIF(Riviera_4!G:G,'All Associates'!A580)+COUNTIF(Riviera_5!G:G,'All Associates'!A580) | J580: =IF(I580=0,"Not Allocated",IF(I580=1,"Allocated","Duplicate"))
A581: 2002 | B581: MARY DELACRUZ | D581: AMY ROBERTS | G581: KIMBERLY CLARK | H581: 156-2 | I581: =COUNTIF(Tower_3!G:G,'All Associates'!A581)+COUNTIF(Tower_4!G:G,'All Associates'!A581)+COUNTIF(Tower_5!G:G,'All Associates'!A581)+COUNTIF(Tower_6!G:G,'All Associates'!A581)+COUNTIF(Riviera_3!G:G,'All Associates'!A581)+COUNTIF(Riviera_4!G:G,'All Associates'!A581)+COUNTIF(Riviera_5!G:G,'All Associates'!A581) | J581: =IF(I581=0,"Not Allocated",IF(I581=1,"Allocated","Duplicate"))
A582: 2003 | B582: MINDY JARVIS | D582: SUMMER BARRETT | G582: ALEXANDER MILLER | H582: 135-1 | I582: =COUNTIF(Tower_3!G:G,'All Associates'!A582)+COUNTIF(Tower_4!G:G,'All Associates'!A582)+COUNTIF(Tower_5!G:G,'All Associates'!A582)+COUNTIF(Tower_6!G:G,'All Associates'!A582)+COUNTIF(Riviera_3!G:G,'All Associates'!A582)+COUNTIF(Riviera_4!G:G,'All Associates'!A582)+COUNTIF(Riviera_5!G:G,'All Associates'!A582) | J582: =IF(I582=0,"Not Allocated",IF(I582=1,"Allocated","Duplicate"))
A583: 2004 | B583: KELSEY MOORE | D583: EDDIE DAY | G583: MARISSA CROSS | H583: 220-2 | I583: =COUNTIF(Tower_3!G:G,'All Associates'!A583)+COUNTIF(Tower_4!G:G,'All Associates'!A583)+COUNTIF(Tower_5!G:G,'All Associates'!A583)+COUNTIF(Tower_6!G:G,'All Associates'!A583)+COUNTIF(Riviera_3!G:G,'All Associates'!A583)+COUNTIF(Riviera_4!G:G,'All Associates'!A583)+COUNTIF(Riviera_5!G:G,'All Associates'!A583) | J583: =IF(I583=0,"Not Allocated",IF(I583=1,"Allocated","Duplicate"))
A584: 2005 | B584: JUSTIN ELLIS | D584: CHARLES POWELL | G584: CHARLES POWELL | H584: 138-3 | I584: =COUNTIF(Tower_3!G:G,'All Associates'!A584)+COUNTIF(Tower_4!G:G,'All Associates'!A584)+COUNTIF(Tower_5!G:G,'All Associates'!A584)+COUNTIF(Tower_6!G:G,'All Associates'!A584)+COUNTIF(Riviera_3!G:G,'All Associates'!A584)+COUNTIF(Riviera_4!G:G,'All Associates'!A584)+COUNTIF(Riviera_5!G:G,'All Associates'!A584) | J584: =IF(I584=0,"Not Allocated",IF(I584=1,"Allocated","Duplicate"))
A585: 2006 | B585: DR. TRAVIS EVANS DVM | D585: JENNIFER WATSON | G585: KIMBERLY CLARK | H585: 156-2 | I585: =COUNTIF(Tower_3!G:G,'All Associates'!A585)+COUNTIF(Tower_4!G:G,'All Associates'!A585)+COUNTIF(Tower_5!G:G,'All Associates'!A585)+COUNTIF(Tower_6!G:G,'All Associates'!A585)+COUNTIF(Riviera_3!G:G,'All Associates'!A585)+COUNTIF(Riviera_4!G:G,'All Associates'!A585)+COUNTIF(Riviera_5!G:G,'All Associates'!A585) | J585: =IF(I585=0,"Not Allocated",IF(I585=1,"Allocated","Duplicate"))
A586: 2007 | B586: ANDREW JONES | D586: CHARLES POWELL | G586: CHARLES POWELL | H586: 138-3 | I586: =COUNTIF(Tower_3!G:G,'All Associates'!A586)+COUNTIF(Tower_4!G:G,'All Associates'!A586)+COUNTIF(Tower_5!G:G,'All Associates'!A586)+COUNTIF(Tower_6!G:G,'All Associates'!A586)+COUNTIF(Riviera_3!G:G,'All Associates'!A586)+COUNTIF(Riviera_4!G:G,'All Associates'!A586)+COUNTIF(Riviera_5!G:G,'All Associates'!A586) | J586: =IF(I586=0,"Not Allocated",IF(I586=1,"Allocated","Duplicate"))
A587: 2008 | B587: AARON CRAWFORD | D587: ALEXANDER BAUTISTA | G587: HEATHER SOLIS | H587: 138-1 | I587: =COUNTIF(Tower_3!G:G,'All Associates'!A587)+COUNTIF(Tower_4!G:G,'All Associates'!A587)+COUNTIF(Tower_5!G:G,'All Associates'!A587)+COUNTIF(Tower_6!G:G,'All Associates'!A587)+COUNTIF(Riviera_3!G:G,'All Associates'!A587)+COUNTIF(Riviera_4!G:G,'All Associates'!A587)+COUNTIF(Riviera_5!G:G,'All Associates'!A587) | J587: =IF(I587=0,"Not Allocated",IF(I587=1,"Allocated","Duplicate"))
A588: 2010 | B588: TOMMY HARDING | D588: DAVID HARTMAN | G588: MARISSA CROSS | H588: 220-2 | I588: =COUNTIF(Tower_3!G:G,'All Associates'!A588)+COUNTIF(Tower_4!G:G,'All Associates'!A588)+COUNTIF(Tower_5!G:G,'All Associates'!A588)+COUNTIF(Tower_6!G:G,'All Associates'!A588)+COUNTIF(Riviera_3!G:G,'All Associates'!A588)+COUNTIF(Riviera_4!G:G,'All Associates'!A588)+COUNTIF(Riviera_5!G:G,'All Associates'!A588) | J588: =IF(I588=0,"Not Allocated",IF(I588=1,"Allocated","Duplicate"))
A589: 2011 | B589: ANGELA WALKER | D589: JOHN SCOTT DDS | G589: PHILLIP TRAVIS | H589: 156-1 | I589: =COUNTIF(Tower_3!G:G,'All Associates'!A589)+COUNTIF(Tower_4!G:G,'All Associates'!A589)+COUNTIF(Tower_5!G:G,'All Associates'!A589)+COUNTIF(Tower_6!G:G,'All Associates'!A589)+COUNTIF(Riviera_3!G:G,'All Associates'!A589)+COUNTIF(Riviera_4!G:G,'All Associates'!A589)+COUNTIF(Riviera_5!G:G,'All Associates'!A589) | J589: =IF(I589=0,"Not Allocated",IF(I589=1,"Allocated","Duplicate"))
A590: 2012 | B590: LORI HODGES | D590: ADRIAN WILLIAMS | G590: NATHAN HAMILTON | H590: 221-1 | I590: =COUNTIF(Tower_3!G:G,'All Associates'!A590)+COUNTIF(Tower_4!G:G,'All Associates'!A590)+COUNTIF(Tower_5!G:G,'All Associates'!A590)+COUNTIF(Tower_6!G:G,'All Associates'!A590)+COUNTIF(Riviera_3!G:G,'All Associates'!A590)+COUNTIF(Riviera_4!G:G,'All Associates'!A590)+COUNTIF(Riviera_5!G:G,'All Associates'!A590) | J590: =IF(I590=0,"Not Allocated",IF(I590=1,"Allocated","Duplicate"))
